insert into user (username, password, activated, e_mail, first_name, last_name) values ('pera', '$2a$04$6i.cSc1Y1H7BZx.iJQV3GuW0kVyV4xlYEj4jARSk4Qfh747DRMsaC', 'ACTIVATED', 'pera@gmail.com', 'Petar', 'Petrovic');
insert into user (username, password, activated, e_mail, first_name, last_name) values ('mika', '$2a$04$R1JZVD.uIJA4gtYtGX/yXemH9IMq0KORtpmRgDpvyt5zGlrQsOvnm', 'ACTIVATED', 'mika@gmail.com', 'Mika', 'Mikic');
insert into user (username, password, activated, e_mail, first_name, last_name) values ('djoka', '$2a$04$.3rBrwxJBSv2TH68bo6wpusIRSoI6SeEhoHcSJ2swjKmBleeFjqc6', 'PENDING', 'djoka@gmail.com', 'Djordje', 'Djordjevic');
insert into user (username, password, activated, e_mail, first_name, last_name) values ('vlada', '$2a$04$NH4u5f43ADEKgYPClzg4zuB/bOu.oQYmDXiFfHlx8y/EVAKEGsu4W', 'PENDING', 'vlada@gmail.com', 'Vladimir', 'Vladimirovic');

insert into agent (username, password, businessid, first_name, last_name) values ('zoran', 'zoki123', 324, 'Zoran', 'Zoric');
insert into agent (username, password, businessid, first_name, last_name) values ('ivan', 'ika123', 324, 'Ivan', 'Ivancevic');
insert into agent (username, password, businessid, first_name, last_name) values ('laza', 'laza123', 311, 'Lazar', 'Lazarevic');
insert into agent (username, password, businessid, first_name, last_name) values ('toma', 'toma123', 345, 'Tomislav', 'Tomic');



insert into tlocation values (16, null,"Novi Sad", "Srbija");
insert into tlocation values (17, null,"London", "United Kingdom");
insert into tlocation values (18, null,"Washington DC", "United States of America");
insert into tlocation values (19, null,"Amsterdam", "The Netherlands");
insert into tlocation values (20, null,"New York", "United States of America");
insert into tlocation values (21, null,"Hollywood", "United States of America");
insert into tlocation values (22, null,"Springfield", "United States of America");
insert into tlocation values (23, null,"Paris", "France");
insert into tlocation values (24, null,"Little Whinging", "United Kingdom");

insert into tlocation(id, address, city, country) values (1, "Bulevar Oslobodjenja 26", "Novi Sad", "Srbija");
insert into tlocation(id, address, city, country) values (2, "221b Baker Street", "London", "United Kingdom");
insert into tlocation(id, address, city, country) values (3, "10 Downing Street", "London", "United Kingdom");
insert into tlocation(id, address, city, country) values (4, "1600 Pennsylvania Avenue", "Washington DC", "United States of America");
insert into tlocation(id, address, city, country) values (5, "263 Prinsengracht", "Amsterdam", "The Netherlands");
insert into tlocation(id, address, city, country) values (6, "350 Fifth Avenue", "New York", "United States of America");
insert into tlocation(id, address, city, country) values (7, "4059 Mt Lee Dr.", "Hollywood", "United States of America");
insert into tlocation(id, address, city, country) values (8, "Tour Eiffel Champ de Mars", "Paris", "France");
insert into tlocation(id, address, city, country) values (9, "99 Rue de Rivoli", "Paris", "France");
insert into tlocation(id, address, city, country) values (10, "742 Evergreen Terrace", "Springfield", "United States of America");
insert into tlocation(id, address, city, country) values (11, "4 Privet Drive", "Little Whinging", "United Kingdom");
insert into tlocation(id, address, city, country) values (12, "425 Grove Street", "New York", "United States of America");
insert into tlocation(id, address, city, country) values (13, "Futoska 125", "Novi Sad", "Srbija");
insert into tlocation(id, address, city, country) values (14, "Bulevar Cara Lazara", "Novi Sad", "Srbija");
insert into tlocation(id, address, city, country) values (15, "Trg Dositeja Obradovića 6", "Novi Sad", "Srbija");

insert into accomodation_service(serviceid, service_name) values (1, "TV");
insert into accomodation_service(serviceid, service_name) values (2, "Wi-Fi");
insert into accomodation_service(serviceid, service_name) values (3, "Klima");
insert into accomodation_service(serviceid, service_name) values (4, "Besplatan parking");

insert into accomodation_type(typeid, type_name) values (1, "Hotel");
insert into accomodation_type(typeid, type_name) values (2, "Hostel");
insert into accomodation_type(typeid, type_name) values (3, "Apartman");
insert into accomodation_type(typeid, type_name) values (4, "B&B");

insert into category(categoryid, category_name) values (1, "1 zvezdica");
insert into category(categoryid, category_name) values (2, "2 zvezdice");
insert into category(categoryid, category_name) values (3, "3 zvezdice");
insert into category(categoryid, category_name) values (4, "4 zvezdice");
insert into category(categoryid, category_name) values (5, "5 zvezdica");
insert into category(categoryid, category_name) values (6, "Nekategorisan");

insert into agent(username, businessid, first_name, last_name, password) values ("agent", "123agent", "Agent", "Agent", "ads");

insert into accomodation(accommodation_id, description, max_persons, name, accomodation_type_typeid, agent_username, category_categoryid, location_id) values (1, "Bez opisa bla bla", 20, "Novosadski hotel", 1, "zoran", 2, 1);
insert into accommodation_accomservice(accommodation_id, service_id) values (1, 1);
insert into accommodation_accomservice(accommodation_id, service_id) values (1, 2);
insert into accommodation_accomservice(accommodation_id, service_id) values (1, 3);
insert into accommodation_accomservice(accommodation_id, service_id) values (1, 4);
insert into tprice(id, start_date, end_date, value) values (1, "2018-01-01", "2018-06-30", 2010);
insert into tprice(id, start_date, end_date, value) values (2, "2018-07-01", "2018-12-31", 2510);
insert into accomodation_prices(accomodation_accommodation_id, prices_id) values (1, 1);
insert into accomodation_prices(accomodation_accommodation_id, prices_id) values (1, 2);

insert into accomodation(accommodation_id, description, max_persons, name, accomodation_type_typeid, agent_username, category_categoryid, location_id) values (2, "Bez opisa bla bla", 5, "Sherlock Holmes Apartment", 3, "ivan", 3, 2);
insert into accommodation_accomservice(accommodation_id, service_id) values (2, 1);
insert into accommodation_accomservice(accommodation_id, service_id) values (2, 2);
insert into accommodation_accomservice(accommodation_id, service_id) values (2, 3);
insert into tprice(id, start_date, end_date, value) values (3, "2018-01-01", "2018-06-30", 3010);
insert into tprice(id, start_date, end_date, value) values (4, "2018-07-01", "2018-12-31", 3510);
insert into accomodation_prices(accomodation_accommodation_id, prices_id) values (2, 3);
insert into accomodation_prices(accomodation_accommodation_id, prices_id) values (2, 4);

insert into accomodation(accommodation_id, description, max_persons, name, accomodation_type_typeid, agent_username, category_categoryid, location_id) values (3, "Bez opisa bla bla", 5, "Prime Minister Apartment", 3, "zoran", 5, 3);
insert into tprice(id, start_date, end_date, value) values (5, "2018-01-01", "2018-06-30", 5010);
insert into tprice(id, start_date, end_date, value) values (6, "2018-07-01", "2018-12-31", 5510);
insert into accomodation_prices(accomodation_accommodation_id, prices_id) values (3, 5);
insert into accomodation_prices(accomodation_accommodation_id, prices_id) values (3, 6);
insert into accommodation_accomservice(accommodation_id, service_id) values (3, 1);
insert into accommodation_accomservice(accommodation_id, service_id) values (3, 2);
insert into accommodation_accomservice(accommodation_id, service_id) values (3, 3);

insert into accomodation(accommodation_id, description, max_persons, name, accomodation_type_typeid, agent_username, category_categoryid, location_id) values (4, "Bez opisa bla bla", 10, "The White House Hostel", 2, "agent", 5, 4);
insert into tprice(id, start_date, end_date, value) values (7, "2018-01-01", "2018-06-30", 5020);
insert into tprice(id, start_date, end_date, value) values (8, "2018-07-01", "2018-12-31", 5520);
insert into accomodation_prices(accomodation_accommodation_id, prices_id) values (4, 7);
insert into accomodation_prices(accomodation_accommodation_id, prices_id) values (4, 8);
insert into accommodation_accomservice(accommodation_id, service_id) values (4, 2);
insert into accommodation_accomservice(accommodation_id, service_id) values (4, 3);

insert into accomodation(accommodation_id, description, max_persons, name, accomodation_type_typeid, agent_username, category_categoryid, location_id) values (5, "Bez opisa bla bla", 10, "Anne Frank Hostel", 2, "agent", 3, 5);
insert into tprice(id, start_date, end_date, value) values (9, "2018-01-01", "2018-06-30", 3020);
insert into tprice(id, start_date, end_date, value) values (10, "2018-07-01", "2018-12-31", 3520);
insert into accomodation_prices(accomodation_accommodation_id, prices_id) values (5, 9);
insert into accomodation_prices(accomodation_accommodation_id, prices_id) values (5, 10);
insert into accommodation_accomservice(accommodation_id, service_id) values (5, 2);
insert into accommodation_accomservice(accommodation_id, service_id) values (5, 3);

insert into accomodation(accommodation_id, description, max_persons, name, accomodation_type_typeid, agent_username, category_categoryid, location_id) values (6, "Bez opisa bla bla", 10, "Empire State of Hostel", 2, "agent", 4, 6);
insert into tprice(id, start_date, end_date, value) values (11, "2018-01-01", "2018-06-30", 4010);
insert into tprice(id, start_date, end_date, value) values (12, "2018-07-01", "2018-12-31", 4510);
insert into accomodation_prices(accomodation_accommodation_id, prices_id) values (6, 11);
insert into accomodation_prices(accomodation_accommodation_id, prices_id) values (6, 12);
insert into accommodation_accomservice(accommodation_id, service_id) values (6, 2);
insert into accommodation_accomservice(accommodation_id, service_id) values (6, 3);

insert into accomodation(accommodation_id, description, max_persons, name, accomodation_type_typeid, agent_username, category_categoryid, location_id) values (7, "Bez opisa bla bla", 5, "Hollywood Breakfast", 4, "agent", 2, 7);
insert into tprice(id, start_date, end_date, value) values (13, "2018-01-01", "2018-06-30", 2020);
insert into tprice(id, start_date, end_date, value) values (14, "2018-07-01", "2018-12-31", 2520);
insert into accomodation_prices(accomodation_accommodation_id, prices_id) values (7, 13);
insert into accomodation_prices(accomodation_accommodation_id, prices_id) values (7, 14);
insert into accommodation_accomservice(accommodation_id, service_id) values (7, 2);

insert into accomodation(accommodation_id, description, max_persons, name, accomodation_type_typeid, agent_username, category_categoryid, location_id) values (8, "Bez opisa bla bla", 5, "At Eiffel's", 4, "agent", 1, 8);
insert into tprice(id, start_date, end_date, value) values (15, "2018-01-01", "2018-06-30", 1010);
insert into tprice(id, start_date, end_date, value) values (16, "2018-07-01", "2018-12-31", 1510);
insert into accomodation_prices(accomodation_accommodation_id, prices_id) values (8, 15);
insert into accomodation_prices(accomodation_accommodation_id, prices_id) values (8, 16);
insert into accommodation_accomservice(accommodation_id, service_id) values (7, 3);

insert into accomodation(accommodation_id, description, max_persons, name, accomodation_type_typeid, agent_username, category_categoryid, location_id) values (9, "Bez opisa bla bla", 5, "The Mona Lisa Hostel", 3, "agent", 1, 9);
insert into tprice(id, start_date, end_date, value) values (17, "2018-01-01", "2018-06-30", 1020);
insert into tprice(id, start_date, end_date, value) values (18, "2018-07-01", "2018-12-31", 1520);
insert into accomodation_prices(accomodation_accommodation_id, prices_id) values (9, 17);
insert into accomodation_prices(accomodation_accommodation_id, prices_id) values (9, 18);
insert into accommodation_accomservice(accommodation_id, service_id) values (9, 1);
insert into accommodation_accomservice(accommodation_id, service_id) values (9, 3);

insert into accomodation(accommodation_id, description, max_persons, name, accomodation_type_typeid, agent_username, category_categoryid, location_id) values (10, "Bez opisa bla bla", 5, "Stay At Homer's", 4, "agent", 1, 10);
insert into tprice(id, start_date, end_date, value) values (19, "2018-01-01", "2018-06-30", 1030);
insert into tprice(id, start_date, end_date, value) values (20, "2018-07-01", "2018-12-31", 1530);
insert into accomodation_prices(accomodation_accommodation_id, prices_id) values (10, 19);
insert into accomodation_prices(accomodation_accommodation_id, prices_id) values (10, 20);
insert into accommodation_accomservice(accommodation_id, service_id) values (10, 2);
insert into accommodation_accomservice(accommodation_id, service_id) values (10, 1);

insert into accomodation(accommodation_id, description, max_persons, name, accomodation_type_typeid, agent_username, category_categoryid, location_id) values (11, "Bez opisa bla bla", 5, "The Dursley Bed & Breakfast", 4, "agent", 2, 11);
insert into tprice(id, start_date, end_date, value) values (21, "2018-01-01", "2018-06-30", 2030);
insert into tprice(id, start_date, end_date, value) values (22, "2018-07-01", "2018-12-31", 2530);
insert into accomodation_prices(accomodation_accommodation_id, prices_id) values (11, 21);
insert into accomodation_prices(accomodation_accommodation_id, prices_id) values (11, 22);
insert into accommodation_accomservice(accommodation_id, service_id) values (11, 1);

insert into accomodation(accommodation_id, description, max_persons, name, accomodation_type_typeid, agent_username, category_categoryid, location_id) values (12, "Bez opisa bla bla", 5, "Monika's Apartment", 3, "agent", 5, 12);
insert into tprice(id, start_date, end_date, value) values (23, "2018-01-01", "2018-06-30", 5030);
insert into tprice(id, start_date, end_date, value) values (24, "2018-07-01", "2018-12-31", 5530);
insert into accomodation_prices(accomodation_accommodation_id, prices_id) values (12, 23);
insert into accomodation_prices(accomodation_accommodation_id, prices_id) values (12, 24);
insert into accommodation_accomservice(accommodation_id, service_id) values (12, 1);
insert into accommodation_accomservice(accommodation_id, service_id) values (12, 2);
insert into accommodation_accomservice(accommodation_id, service_id) values (12, 3);

insert into accomodation(accommodation_id, description, max_persons, name, accomodation_type_typeid, agent_username, category_categoryid, location_id) values (13, "Bez opisa bla bla", 20, "Hotel Park", 1, "agent", 3, 13);
insert into tprice(id, start_date, end_date, value) values (25, "2018-01-01", "2018-06-30", 3030);
insert into tprice(id, start_date, end_date, value) values (26, "2018-07-01", "2018-12-31", 3530);
insert into accomodation_prices(accomodation_accommodation_id, prices_id) values (13, 25);
insert into accomodation_prices(accomodation_accommodation_id, prices_id) values (13, 26);
insert into accommodation_accomservice(accommodation_id, service_id) values (13, 1);
insert into accommodation_accomservice(accommodation_id, service_id) values (13, 2);
insert into accommodation_accomservice(accommodation_id, service_id) values (13, 3);
insert into accommodation_accomservice(accommodation_id, service_id) values (13, 4);

insert into accomodation(accommodation_id, description, max_persons, name, accomodation_type_typeid, agent_username, category_categoryid, location_id) values (14, "Bez opisa bla bla", 20, "Hotel Ambasador", 1, "agent", 4, 14);
insert into tprice(id, start_date, end_date, value) values (27, "2018-01-01", "2018-06-30", 4020);
insert into tprice(id, start_date, end_date, value) values (28, "2018-07-01", "2018-12-31", 4520);
insert into accomodation_prices(accomodation_accommodation_id, prices_id) values (14, 27);
insert into accomodation_prices(accomodation_accommodation_id, prices_id) values (14, 28);
insert into accommodation_accomservice(accommodation_id, service_id) values (14, 1);
insert into accommodation_accomservice(accommodation_id, service_id) values (14, 2);
insert into accommodation_accomservice(accommodation_id, service_id) values (14, 3);
insert into accommodation_accomservice(accommodation_id, service_id) values (14, 4);

insert into accomodation(accommodation_id, description, max_persons, name, accomodation_type_typeid, agent_username, category_categoryid, location_id) values (15, "Bez opisa bla bla", 20, "Hotel Stratus", 1, "agent", 4, 15);
insert into tprice(id, start_date, end_date, value) values (29, "2018-01-01", "2018-06-30", 4030);
insert into tprice(id, start_date, end_date, value) values (30, "2018-07-01", "2018-12-31", 4530);
insert into accomodation_prices(accomodation_accommodation_id, prices_id) values (15, 29);
insert into accomodation_prices(accomodation_accommodation_id, prices_id) values (15, 30);
insert into accommodation_accomservice(accommodation_id, service_id) values (15, 1);
insert into accommodation_accomservice(accommodation_id, service_id) values (15, 2);
insert into accommodation_accomservice(accommodation_id, service_id) values (15, 3);
insert into accommodation_accomservice(accommodation_id, service_id) values (15, 4);

insert into reservation (user_username, accomodation_accommodation_id, start_date, end_date, final_price, num_persons, realized, active) values ('pera', 1, '2018-08-12', '2018-08-15', 3211.99, 2, 0, 1);
insert into reservation (user_username, accomodation_accommodation_id, start_date, end_date, final_price, num_persons, realized, active) values ('pera', 2, '2017-01-17', '2017-01-21', 5110.00, 1, 0, 1);
insert into reservation (user_username, accomodation_accommodation_id, start_date, end_date, final_price, num_persons, realized, active) values ('pera', 4, '2018-03-18', '2018-03-20', 4120.00, 4, 1, 1);
insert into reservation (user_username, accomodation_accommodation_id, start_date, end_date, final_price, num_persons, realized, active) values ('mika', 3, '2017-06-23', '2017-07-4', 600.67, 5, 0, 1);
insert into message values (1, 'cao sta ima', 0, 'USER', '2018-07-10 13:28:59', 'zoran', 'pera');
insert into message values (2, 'nista, kod tebe?', 0, 'AGENT', '2018-07-10 13:31:20', 'zoran', 'pera');
insert into message values (3, 'treca poruka asdf', 0, 'USER', '2018-07-10 13:32:01', 'zoran', 'pera');

insert into image values(1, "data:image/jpeg;base64,/9j/4AAQSkZJRgABAQAAAQABAAD/2wCEAAkGBxATEhIQDxAQFg8SDxcQEBAQFRAVFRAPFREYFxUVFRUYHiggGBsmHRgVITEiJSkrMC4uGB8zODMtNygtLisBCgoKDg0OGxAQGy4lICYyLS0tLS0tLS0rLy0vMC0tLTAtLS8tLS0tLS0vLS0tLS0tLS8tLS0tLS0tLSstLS0tLf/AABEIAOAA4QMBEQACEQEDEQH/xAAbAAEAAQUBAAAAAAAAAAAAAAAABgECAwQFB//EAEAQAAICAQEFBAcGBAQGAwAAAAECAAMRBAUGEiExQVFhgQcTIkJxkaEjMkNScrEUM2LRkqLBwmNzgrLw8RVTVP/EABsBAQADAQEBAQAAAAAAAAAAAAACBAUDAQYH/8QAMxEAAgEDAwEFBgYCAwAAAAAAAAECAwQREiExBRMiQVHwYXGBobHRFCMykcHhBkIVM/H/2gAMAwEAAhEDEQA/APcYAgCAIAgCAIAgCAIAgCAIAgCAIAgCAIAgCAIAgCAIAgCAIAgCAIAgCAIAgCAIAgCAIAgCAIAgCAIAgCAIAgCAIAgCAIAgCAIAgCAIAgCAIAgCAIAgCAcTW7wCnUeouQhWUPVYDniHRhjvB/cS3Ste1p6ovdcopVrzsamma2fDOxVYrAMpBU8wRKrTi8MtxkpLK4L54SEAQBAEAQBAEAQBAEAQBAEAQBAEAQBAEAQBAEAQBAEAj29+zbXr9dp7mS6pSeHJ4LEHMqR2HuPl8LdpWUJaZLKZTvKGuOpPDRBdftG6+pVsyTWwZHIBZW7eE9cEcsGa8aUIy1QWDGlWnKGmo8/U7uw9uPWAcEg/fU9viO4zlcWsagtbqdF+a8iYaLa1NgHC4B/K3IgzJqW9SHKN2ldU6nDN6cCwIAgCAIAgCAIAgCAIAgCAIAgCAIAgCAIAgCAIAgFruACScADJJ7BPUsvCPG0llkM27tk2kopxXnkPzeJmxbWqgsvkwru8c9lwcdKx0l3JnZyZ0qEg5HpdwY6TzOSSlg62ydtvWQthLV/Vfh/aU69rGazHk0ba9lB4luiWI4IBByCMgjtEymmnhm0mmsounh6IAgCAIAgCAIAgCAIAgCAIAgCAIAgCAIAgCARPfXbQrAoB5kcT/DsH+s0+n2+r8x/AyepXDX5cfiRDR38TY7M8vlNV7ZMaXCLNVrvVvhuk92wRSbOzorVdQymV5ppnqZnaRR6a1jTokSTJFuhtHi4qSeajjT9OeY+ePnMy+pYakjb6dW1RcH4ElmeaQgCAIAgCAIAgCAIAgCAIAgCAIAgCAIAgCAIB4t6QnY26lskFbgCR1FeAM/tNnXKFonAxNMZ3rUyuwiqpV7RyVDe2RxcwOss2+p0k5cspXmlVWocI0t/GOE9k8PGeMjPTHsZx2ZnC7c1S7hY6codo9fwNzdvUEKOFXVCSUV8lgmeWc853t4ylRWvkrXrgqz0cEgbUcpJQK+TQ1GpnVRwE8m1unrwurQswCkMrEnAwV7T8cSlewcqeEaVjNQqZb2PSadQj/cdGH9LA/tMVxlHlG7GcZfpeTLIkhAEAQBAEAQBAEAQBAEAQBAEAQBAEAQBALLbVUFnYBR1LEADznqTbwiMpKKy3ggmr2bVfqLrQeKt2GMe/7Cg+WQZw6p1mdjSjb0/+xr9l934Fa2sIXVaVaX6F839jZt2JXw44FAPgPrPip3NxOfaSnLV55fpfA+gpxoqOiMVjywjh218FnqX5grmtjz5A81J+U++/x3qtS7pyp1XmUfHzX3XifK9asIW81UprEZeHk/sbFWlXrgT6F1GYeDT2hco5CdIJ8s8ZxL9RJsnFG/ujs9tTqCgbhC1sxbGcdAPqZRu6vZxyaFrQ7R6SQavc3WKeKm2p/jxI3keYnCHUINYkjpU6VJPMJfwaw2ptPS/zVu4R2v8Aap/i6geYk9NrW8s/t/Ryze2/i2vbv/Z3Nlb8VPgXLj+uv2l816j6zhV6dJbweSzR6tF7VVj2rdfclGl1KWKHrdWU9qnP/qZ8oSg8SWDUhUjNaovKM0iTEAQBAEAQBAEAQBAEAQBAEAQBAI1vLvfTps1p9pqPyA8k8Xbs+HWXbaylV70tkZ911CFLux3l8l7/ALER0tGv2g3rLWIqzyZuVa/oT3vj9ZdnVo260wW/rllCnQr3UtdR7euEU3kq2lpXSvQsWUjkeGvAGBni4unPPb0nxnVfwcq+uplTay99vJYXw3PprOnVjT0LDiuNt/iXaXVbTKqdTqdOh95UT1rHzUhQfMzArSt08Q1P4/0aNOnLyRztu6w+sq9ssw4jk8I5Y7h0n0X+Jwl+JlJcYMj/ACBx/DqPjksO2GxjM/QNMT43SzQv1JPbJElE1XeQZ0SJn6OtdVSLDYDmxgvGPdUdmPOZl3RnU48DTtK8KW0vE9HqvRgCrKQ33cHrMtxa2aNZTi1lM1rtrUBxWXBZmC4AJ5k4AJHKdFQqOOrGxydzTUlDO5zdqbr6PUFiAEuHV6SAwJ/MByPnJ07irS93tOdW1o1s559hFdVsvXaFvWIxeofi1DmB/wASvtE0IXNKutM1695l1LOtbPXSfr2okm7+9td2Et4VsPJWH3HP+0+BlS4snDvQ3XzLlr1GNR6Kmz+T+xJpRNMQBAEAQBAEAQBAEAQBAEAQCC75b3lSdNpDmz7tlq8+En3Ux1aalpZrHaVOPBfcx72+bfZUvi/4Rq7tbnjldqxlieIVHng9c2d58JG5vnLu0+PMnadPUe9U58ibJWB5dB3TNNUx63Q12rwuOfusOq/AyvcWlK4WKiz9f3OlOrOm8xZAt4NDqdNksFaknC3KDgdwdfdP0nGh/jlnUf65J+W31wc7jqt1SX6U157/AEyRG5+ZZnLOep7AOwAdgn1NjY0LOGin/Z8/dXVa5lqmYDbL2SrpLlJM9R49jd0uzmfshkdRJdNpVrQL2D95yzk9yzNRqSDyGV5j4ZGDg9k4zhngsU6mOSy7j4gtSZYsAhJwFJ7WPugd8OSUczQUG5YgyW7Ks02lr4Dcr2H2rXX2i7+GOgHQCZtSFavLVg1adShbw0qQu3qqBCrXYzMeFV9nLsewDJnv4GSWZNIj/wAjBy0xi2c/eTc8Pm7SAJd1ar3LfLsMW144d2W6F3YRqrMdmam6u9LKf4fVcQ4TwAv96pvyvn3e4zvc2qmu0pf+lW0vZUpdlW+D8veTuZRtiAIAgCAIAgCAIAgCAIBE9/N4jQnqKWxfYuS3/wBVfa3xPZL9jbdo9cuF82ZnUbvs49nDl/JHM3L3cCAam5ftDzqVvcU+8f6j9J7eXWt6I8Cws1TWuXP0JiJnmmXCAVEAj2+e0OGs0Dq6Et+k5AHz/aXLSll6mUbytpWhHmLaI9s2IxRjymzNRswHtnZI4Smzs6LZCDnIynjg57s61dSqOQnFybZJGP1Rc8/ujsktSigZWUASCeT3Jpam/E6OOxKMtzVbaE8iTkjvbgstl1lhrLMg4VsP3axy5AfmPPyEodQk9KWfgaPTYJNvHx/gnsyjYIpvnu565TqKABqUHMD8ZB1U+PdLlpcum9L4KF7aKtHK5MW4u3/WKNPYTxKPsyeuB1Q+I/adb23S/Mjx4nDp103+TPlcfb4EwmcawgCAIAgCAIAgCAIBh1eoWtHsc4RELsfADMlCLlJRXiQqTUIuT4R5fsHTtrtW+ouGUDC1wenD+FX8OWfLxmxdTVCkqcfXmYdnTdxWdSfv+y+B6KJim+XCAXCAXLAPON8tUf4qxT2cIHw4BNi0X5SMW8b7VnIVszQijMkzb0wEmcmzp1OJxkj3JlawSOk9yXevAE80NjJo6vVzrCGDzJyNVqZKROCMOjqa2xK1VmLMAQn3uHPPHdy7T0lac1FNl2nTcmkezbO0NdNa1VIFRR07c9pJ7T4zBnNzeWb8IKEdMTZkSRQwDzje7RHS6pNTT7KXNnwXUjn8j/ea9nUVSDpy9Iw+oUXSqKtD0yfbM1q3VJavR1zjuPQjyORMurB05uL8DYo1VVgprxNqQOggCAIAgCAIAgCARP0k6wrplqB532is/oGWb9h85f6fDNRy8kZvVKmmkorxfyMW5ek4NMrY9q0m0/pPJB/hAnK8nqqv2bHawp6KK9u5IBKpcLhAKiAXCAQX0h7KbjXVICUKBLMe6wzgnwI5eXjNCzqrGhmde0W3rREEtmxFmLOJtU6mdDg0ba6uMIjuY7dYYwj3DMf8d4xse6WYLdVmeNklE0rLMznKWDvCJ6puJsN9PUzXIotsYEdrKmByJ7OeTiYN1VVSW3Bv2tF0478kolYtCAIBHt9dF63S2rj2lX1ifrTn+2R5zvbT0VUytd09dGSOf6NtbxVW1H3GWxfAWA5/zK3zlrqMMSUvP+Cn0qpmEoeT+pMZnGqIAgCAIAgCAIAgHnnpTtPHp1/LVa/ngATW6au7J+4xOrPvRXsZKtBUFrrQdFrVR5KBMubzJs2YLEUjZEiSKiAVEAuEAW1K6sjgFWUqwPaCMET1Np5R40msM8h3i2S+luNbZ4D7Vb/mT+46GblvXU45MK5oOEsHMFktqRTcTIt0nqIOBU2xk8UTA57pzefA6xRfoqLLrEqrGXduFR/qfCcZ1tCyzvCjreEeibF9HqVstmouLsrBglY4VyDkZJ5n6TMq3rksJGnSsVB5k8k4lEviAIAgGpr0ypB6EY8jynqeGePdED9GLYtde+g/5beX/cZrdQ3pxZi9M2qzR6PMg2xAEAQBAEAQBAEA889KdR46G76rU88Aia3TX3ZL3GJ1aPei/eSrQ2hq63HRq1YeagzLmsSaNmDzFM2BIkiogFwgF0AqIBrbV2ZVqKzVcuV6gj7yN3qewycKkoPKIVKcZrEjx/bmzDp77KC3FwHrjGQQCDj4ETXp1nKKkY9Wjpk4nPJnWNXJwdMBpLUR04MgrY9BOiTaIZSZ6L6L9lqK7NSw+0ZzUv8ASgAJ8yf2mRfTerQbFjBadZO5RL4gCAIAgGjtO0KjMfdUt8hmexWXg8k8JshHourJstb8tIz8XtYj/sM1eovEIoxel71Jy9x6LMk2xAEAQBAEAQBAEAiXpJ0hbTLaBzotDn9BBVv3Hyl/p88VNPmjN6nT1UlJeDLdzNXx6VFz7VRNR+A5qf8ACROV5DRVft3O1hU10V7NjugyqXC7MAAwC4GAXAwC5TAI7vju3VqEa7JW9E5MMYcD3WHb4SUr2VtSlLlLfDOUrSNeaXD8yNbmbpCyw232cVdT49Rg+2cZBbPu+HbiRt+qwuqbdOOlkZdPlRnicso7O824tTr6zRKEuH4ecJYPD8p7uz95coXcovvbo43FnGa7mzIs2wtTUQt6issuR0bI+I5Sv1P/ACONo1GEG2/F7L7kbTobrd6csLyXJ6XuxoK6dOi1liGHrCz4yXYDPTkO7HhOauvxUVW80mXY26oflrwOtBIQBAEAoYBFd+9fwad1B9qz7Ffi3X6Zlqzp66q9m5Tvquii/bsPR1oeDTtYetr+z/y6/YH14j5zp1Ceqpp8jl0ynppan4krlE0RAEAQBAEAQBAEAw6zTLZW9TjKOhRh4EYkoScZKS8CE4KcXF8M8y3c1DaPVvpruSlvVOT0z+E/wOceY7pr3UFXpKpH15mJZzdvXdKfjt9v3J/mYxvFcwCuYBUGAXAwC8GAcreC8YVCfZ+/Z+kcgPMzB61W/TSXju/4L1nDmXwL93dG6B7bBwm0jhr/ACIM4z485b6Zazowcp8vw8jnc1IyaUfA7QaaZVOFvUC3qKwBlreLiPYAMH9/pMPrcl2cYeb+n/pds9nKXkbmwnPC6+6thVT5AnHnOnRZSdBp8JtL17yF2lqT8Wjp5mwVRmAMwCsAx6izhEA8x2xe+t1i00n2FY1oR04/xLPgoH0HfNi3gqFFzly/SMK6m7muqUOF6bPTtJp1rRK0GERQijwAwJkyk5Ntm3GKjFRXgZZEkIAgCAIAgCAIAgCAQ70gbvm1P4mlc3VrixAP5tPaPEjmfnNCxuND0S4f1MzqNr2kdceV80a26O3xcgpsb7VV9hj+Kg/3Dt+cjeW3ZvVHj6ErG77WOiX6l8ySBpRNEZgANALNTqAiO/s+ypb2mCgkDkCx6fGeSkorLPUs7HGs3hsX76BTgEqcnBx0zyz5T5iXWbhzelLHhtuaUbOGncw3665uG71WG4wy8eOHCqcDB5956SFadzCorqpHxXrHJKEabTpxZJdJrVsVXQ5DD69on09KrGrBTiZk4uLwyp11YODZWD3FlB/eRlcUovDmk/ej1U5vdJ/sc7aeqRrE4GUslbkYIPtHAHxmB1ivTqTgoSTxnON+cFy2pyUXlc4OrolVUVUIKgdR2ntJ+Jm9awpwpRjTeVj0ypVcnJuXJn4p3OZUNALgYBUsAMnpAILvpvHjOnpb7QjDsPwkPX/qP/nUS/Z22t65cfUzb670Ls4cv5HT3G3f9RX66xcXWLhVPWurrg/1E8z5Dskby47SWmPCJWFr2UdUv1P5IlUpGgIAgCAIAgCAIAgCAIAgHnu+G6r1sdXowcZ47ak5FGH4lePqJqWt0pLs6nr3mPeWbjLtaXr3Gbd3edLgtdxAt6K/Rbf7N4fKcbmzdPvR4+h3tL6NXuz2l9SRZlE0SsA1NqaJbq2qsBKsOYBI+ogHOo2AoIYvYzDoWI5fDAmfRsqVJ5jHfzLE685LDZn1uzA6FCSMjqOv1netTVWOiZzhJxeUYtNsMV6X+GSy1FxydGw49rPXB6zvBYRBvJo6uvU11uzuOBFJC0jDv8TifP8A/EJJ9/3eH7l/8Um/0jYrpcFs4XwUBYMW4uM9hI58v7TnY9OUqspVd4rZeTfn7ida4aglHZv5GfUaSypg1SWMmc8Kk8Q816j6yVz0qdOWq2e3lnD+DI07pSWKn7ne3ct1LUIdWFF3PPBxY4ezOe2fQ01iCW/x5M+XJ1QJM8DuFGSYBCN597utOlILdGs6qnZy72/85zQtrJy71Tgy7u/UO5T3Zm3P3TKkanVA8WeOut+Z4uossz73aB2dTz6SurtNdnT49cHlnZNPtKvPl/L9pOJmmqIAgCAIAgCAIAgCAIAgCAIBDd59yVtLXaThS483rP8ALtP+1vGX7e9cO7PdGbddPVTvU9n6/Yjuh3h1Olb1Grrc8PLgsOHUd6P0cfH5yzUtKdZa6b+39FWle1aD0VV9/wCyW7O2pRcPsrAT2o3suPipmZUozpvvI1qVxTqrMGbuZyOxcDAKOsjJHqL6oiGXtSpGCBPdKGQmnUYAA8pzccHqZnWsSWlM8yZUQDkJM8OZtzb1OmXNje0fuqOZY+AnWlRnVeIo41q8KMcyZCNRtDW69zXUrLWeqKefD32P0UeH0M04UKNutU3l+uEZE7mvdPTTWF65ZLN290qtPiyzD3Dmv5Kz/SD1P9R8sSncXkquy2RetbGFHvPeRJZTL4gCAIAgCAIAgCAIAgCAIAgCAIBqbS2ZTevBfWrr2ZHNT3g9QfhJ06kqbzF4OdSlCosTWSEbV9HzqeLR25AORXccFf02D/X5zRp9QTWKi9e4y6vTGnqpP9/ucttqbS0ns312cI7bULpjwtX/AFM6dhbVt4vHryOSuLuhtNZXt+5v6Tfes/zKWHjUysPk2Jxn06S/SyxDqsH+qLR0q969IfxGX9aOPqJXlZVl4FiPUKD/ANjYr3i0n/6Kv+o4/ec/wtVf6s6/i6D/AN1+51dPqlYBlZWU9GUgg+YnJpp4Z3Uk1lGyGzIs9MyQgYtp6oVVNYexSfIDJkorLweSeE2ecbsbNfaF733seBSC2DzAJPCi93Q8+z4nM2K1RW1NRhz63MKjSld1XOfC9YPTtHpK6lFdSBUHQDv7z3nxMyJTlJ5kzchCMFpisIzyJIQBAEAQBAEAQBAEAQBAEAQBAEAQBAEAoR3wDl6zdvRW87NNVxHqyqFb5rgztG4qx4kzhO2pT3cUcm70f6I/dN6eCWEj/ODO6v6y8ivLptB+DXxNK70dV/h6q0Hs41rYeeAJ0XUZ+KRyl0qm+Gzg36fW7PfLYCE/zFBNFn6h7jeMsZo3Sx4/P+yppr2byuPl/RINmb1UtgW/ZOfzHKN+l+nzxKVWyqQ3W6NGj1ClU2ez9pJKNUpAIIIPQjmDKeMF1PJl1lK21lDzyCMd4IwRPU8PIaysHm2hsv2XqGXGanOMNnhsXORz7HGT85r9y6hvz6+RhvtLOplbxfr9z0LYu3adSPsyQ4GWrb7w8R3iZ1a3nS548zUt7unX/Tz5eJ1JwLIgCAIAgCAIAgCAIAgCAIAgCAIAgCAIBSAMwCnFAHFALHwQQwBBGCCMgjxEZwOSLbT3L0z5ahmoY8yFHHWT41k8vIiXad9Ujs9yhW6dSnutmR+zdnW0nNRVh30W+rJ8Sj4H1Ms/i6FT9aKn4G4pf9cjEdrbQp++1o/5lSv9a/7zzRaT4+v3Pe0vocrPw+xi1W91timu3+GcEYIet8wrainmM/mg7u4axKnn4Mz7ibMvOpS4ZWlGZi2GUFSpArUMcsMkHJ7p7dV4dm4J5Z5aW1TtlUawj1GZJtCAIAgCAIAgCAIAgCAIAgCAIAgCAIAgCAUgCAUxAKcEAw2lR4nuE9SyRckjXYE9FA8smS0pEdTfBZ/Ak9R8/wC0ZSGJMu/+PUczwjyjUNHmy/SV4PIcu34T2XB5Hk35zOogCAIAgCAIAgCAIAgCAIAgCAIAgCAIAgCAMwChYT3B5kxMxPIT1LBFvPAWgdsOR6omUKJEkVgGALxHJ6SXBDkzKoHSRySSwVg9EAQBAEAQBAEAQBAEAQBAEAQBAEAQChMApkz08yU4TGTzDHBGRgerEZPcFwE8PcFYAgAwCxOU9ZFbF88JCAIAgCAIAgCAIAgCAIAgCAIAgCAIBSAMQCsAQBAEAQBAEAQBAKQCsAQBAEAQBAEAQBAEAQBAEAQBAEAQBAEAQBAEAQBAEAQBAEAQBAEAQBAEAQBAEAQD/9k=");
insert into image values(2, "data:image/png;base64,iVBORw0KGgoAAAANSUhEUgAAAMgAAADnCAYAAABbohl9AAAABGdBTUEAALGPC/xhBQAAACBjSFJNAAB6JgAAgIQAAPoAAACA6AAAdTAAAOpgAAA6mAAAF3CculE8AAAABmJLR0QA/wD/AP+gvaeTAAAAB3RJTUUH4QMEECoHNCd1+wAAgABJREFUeNrM/dlzZFly5gn+zrn7tX3DDgd8d481k8Fkksxikqxibd390NJ/Ub/P3zEjI/MwIrOIdFVNTRWLZCeZyWQyM2P18N2xw2D7cvdz5uFeMxjgcI9IskZmIIIIwNxgdzt6VPXTTz8V/+v/4d9qrn0JITg6OiKKIoQQ+WtAKuH2AJrz/GcBaMBScFSF40r+81sfePXTgQxUBYJPWX23EIIsyzg8PEQp9Z3nBKCUYmNjg3K5TJZlV/5t9TNrtRrtdhutNdPplPPzc6SUy/dprTFNk1KpdOXvtdYYhsHm5uby/Y1GA8Mw0Fqzvr6ObdtorRFC4HketVqdID4hiocIJK7nYtsOWqcIXQVVBfLrM00Tz/NwXRfTNJfHcxxneQ6r57l6XmEYLn+P45jf5SvLsuU91lqjtb7xGDe9vjinq/+WrwZNTJZlaK1J05Qsy0jTFKX0lWcmpUQIgSFtpDQQQixfu+nYWusr/776fBf//u6vq9e5+tmXP0tAFc8RQCIEmPz/6ddiwf0uXze9f3Fjp9Mps9nsymvf9zO11gyHwyvHWBgIgGVZy4fueR7zWYCwRmjmaC3IVEaSpCiV4FgejiWKvxXfedz3/btlWW9d6/sWy/XXhRAIIVBK/c4GcvOz0YCJlHJpfJcL+PJnpdTSIKSwEMJASnHlMxfndtPv7zeGt89PiJsMArReNUYFWqMAIUCgi6t5zw38/+XX4oZ8n3NavfibHpyUkvF4TL/fB6BUKtHpdN7yUu/cf5Si1+td+X1hIEEQYBjG8pw9z2NcnlCup1h2glKQpimOk5BmCbJcw7XE0m8uPfTK9a5e9/s2iesGsnp+71rwq/dksVAXO/5N73/XPXrXeQkp0FotP/vy+uSNBiKEicRAyKuL/7pxLLzH9900r26A6i1vdLlmVgwEgUIgUMU/CMzDw8N3uuDvezJ6xcn+c72GlJLt7e3lBZycnJCm6TvPRUpJr9djMBiQZRmtVotqtXrl/JVS+L6/DFtWd7jvNlRQStPr9a4sqIWBmKaJ7/uUSiVM0yRJEiaTGdZggueD75exbRvHdvBKDrPZnCi4QOsU07TwfX8ZjhiGgeu6KKUIwxDHcbBt+4q3WvUuWZbdeM6maV65Xwujy0MdtfSAC8N+1/141zEWC/bK5xd7rkahtSRN0+Vx83DscmFKKVe+TQxp5eHZyganlLoSiq3+/10b6OK1tzeYdxmHXp7X4vhaaxBm7l20wkyS5HfaIf67WMIVs7r5Af8uYdYinn7XTrhYBIsF8U/xlosHJoRgMBgsH4LrustFZJkmunDdZjQmSQVK5Tt9bMdokZGEI3SWoXWGbVuEYYjnedi2jWVZRFGEYRikaYrruriuuzSi9y3S9z27xe/v2oUX9+6m19/1+Ytjr3oZUezIN4Vnq57y0jhE8VzkW95KCJbvu+5B3peL3PT61c3icu0prVFFaJXbyGqIqtFITClX/hi9sm71O21D6EWcViy+pSPLQ4fvXHpi8R+5TKCubV2/0yJe3Tlu+v274un3Wr9e7EACRH59/f5g+TArlQqquMF5yKPRWmKnc7QQIAxsyyJJU4QBQpkkUQQoLMsiDKPCEDwcxyGMIgxpkGUZYRjh+8kVw17dODzP+53yN8Mwbnx9YeDvW3TXF/tNBvJ9Q54rBrIIvcT1pSCQVwxCLvOUVWO56XpuWgs3rQOpNUqJd4ZdCI159KyzvKHr6+tLJOWm/V4Cxwacla/+i8KikRzyUfcIhfUdJrL4pADUr64tTU0mTF66j1HCRPD9d/mF6x4Oh0wmk7d2wkqlQqPReM/DlCBCcA9WjCL/0VDw0E8Rxf6R2dniX3FrNmkWMp/0UVkGoligroOYl5AljbAthO0gQ0WSTokTje95mJaFji3wfLRnoktA6iEtC1NKXMNGJjX6ExfIn9HC05iGSZwk+J73VigkhMAwDEzTvJKPrIYnSZJcMYxFPrP4rHft1O/KZxahTBqrtwzONE3Q5hLpkkIuvw3DzBe/AC01SmXFZqRBZCAkQmqkLAxTGAXqdf3YlxvDWxvlihNQq+GV0kXOlFuFyi3jyvWZUWAVG6RAZ2UQZgE5vB0NCSASVzdZgSYRNvXUphxrEvF9IzAFYnrVQLQmFSYre/bv/JWmKWmavrVDep53JQm+2XMokLPCQK46FN+QCFU8O1MsvYvtGARRQqJixtNJ/oC1JovLSKUxFYTkxpsFIanSJEqjSqV8oZsmiVfC9gRWkOLYLo7r4rkuKrEwk5T5rIJGYUiDSqVCVhiJNnPv9L7EdjVUuh7mrBrOKqK16jXe5XWvQ8S5J8mf2k1JtVbG8mYuPYiQSEO+5WWEEMVCFoVh5EjUIvQyDLnMy1aN4jrStfz5XeiWkXt4pRQojaQwEqWXEZUJ2UrIk+VncCXt1giZY8IaMDVv7fqIHDvOBCjxuyxs44oNCqFRwvhexrF4wDfVS67Ho98vIc/jRilM9ALT14XL0KC0WMbYWuVJqZA56pFp0EIwC4K8TgM4WR5ySimZzWekScp0Ns2vTxgEYYRtWZiWScmLMR0NZojjePi+T61ew7EtDEsR60V9RGJlLbRto2wbWW2SJHkNxrKsG1G/6+jN4j2rO+/qz9fDqkXeddNnrr43iZMCvJDFgr4W2txkICth2vVzybJ8sQoh81WmQcjicawY9k1e4/o6UDdEIkKIpSEg8/BZaY0kP44qUC1zc3PrSoyaH3t1J8pRojAMb0wKBZpIG5SdCdKR8DvlvvpqbrOKNrzDSBaFtLOzMwzD4M6dO0v0yDRNut0uw+EQ0zQJwxDDMLh79y6NRuO9yNwC5el2u8XOJWk0Gm95UikF9UaD8XjMRbeLEUOj2aFcLqOOj0mTNN/l0pQgCJdJt+u6GNLAshymQch0MskTfJUxHk0wLIVd0riOy3TqMJ/PqNfrlHzNbDIHralWa0hPoGKDzLKZmy5plmEaBoZpYprmMrRaoF/vQrpW85EFAHHTTn79mS8+zzCM5d8ppUDk90bd4JWklGSZRPB2sn0T9Kx18ff5cr1c7Drf1VdBhete8ybjFe+oL+XhlUbqwkhUvjUKCej8uk3f9665TX0lVxZCEEUR8/n8LbhxYXyhkiQyRbjiEsb4HnjVW1Hc8j96+dqV4pfWubGjsUyTTqfN/Xt3C/QnxjAkG+vrhGGIZZn0en2CYE6jXscyDeI4WXrC6+cniuuP0ihHoUyTBWYhLi0YjSYIwxzB8jyEbWNaJtPpZAX7XzwIRZKoZVyfpimmkRtzvKiloEmTDENrDEeQGhlCJEwnU7TWREEEs7xo5RIxUnM818XxS8SygmE72JaFtfLtOM4SXXtfoe99oMa78o6bvPbqohT6asy/RKIwikT7bQNZeIHF/ct/N4pSnfjOCCG/398N4lz3VmLVaAQYMl8MWhSxjQZTZfLGkEca6soFGoZxA70gNxDJu5M5ocHQb1uDLsKx5ZGlzJF0YWBIozDjy51KSok2DBIMokSzvn2Le/fvc+/xx7iOQ5IkKKVYW1+nXqshhOD07Iyvv/qK5y+eMxrNqJTLZDrfJaRagRMFCAwQZl4q0gIpM6Sh0CLfx6QWeZKuNCcHh1RrNbY3NtFejURBv98niuJ8F1X6yq48n8+JoogsS7HdlPk8QCmV1zkcuwgl8oQx37AVYRQQRHNsadLAQQNzHTPtndJsNqi3OgxpYVg2pmFQKpewbQfTjJHSIEszEpEur1Hry0W0uigX4dZ1pOx9eceiFnRj6GvIt0JhKSVCmm8ZyOLZroZMi98zpZdsg8s1V4S21z7n5qKyeC8ErrUGKVj6l+IGXRpP/nkm7lc3bu0XJ1WS2ETKS57PzdXWK9v/1ZujYWrnqJehcqNYoHlOBlvj3MLSNOX8vItAkQqLU/+UTJqgFaenpyRJgpCS0ukpd2oRm7sNfvT7d9nYXKNSnjEenzBP5wgB/vgEN3ZJkoS77TZ/8a/uMPvDNX7+81/ys5/9kkbVYeoITrwMS0AYaQaDdImQeNZ9QJMlkt6JcwlEeBMkGo3Aqq+Teh4Dz8IPFeH8sqgnpcD3fdxSBcPM84LpdFqEQiZpmizv4yJstSwLU9rMpykqkVSrFVAZURQRZSmmFaGUYjIP8zDKcoiyHtOxQaVao1arIWNNEk0Qjk3swHSeG6DruZimhWEaqFSgtcSyjLdCp+8Dga/u+IvFfNWbCERBNblEkCRGUShcLOzVnOd6bSrLMrJMLV9fLTAuQn5DgJQghSieCG9FLlpnK25fLH9cgggrbufS418yyhY/mVjn18sPCKGZBxDN7QJiu5pQfd/sQmiIDeh5OZqz3IkE+DFsruxM0+l0aSATNSUTJkLnr6dpikbyiTfm022fhx9u89GdOo4LKhtCeIqYT/P6wTQjQJMmCZJbbOztoSuw9+ef8MNdj//6H/8zvz2fYD5ykJlCxRmTQCEkWNLBl3fQOk/r5nFu1UIqjPVJvssjabfrKCmZqAwjTUjiGNtxKJV8TNOkVqvilqpIw1xSW6IoIk0T4iwPzRY3O8sUjiMwTZssMQgDhecKTMNFaEhTxTgOCq8KvmERxCnTaMjcyBAqxbMkpCFKacrlMoZnoWVGptwiEnBydBKngEnlVcToHdSU7wOtv/13suBWrRrDIgIRb62j68TTy/VjLL3Hdc8gERgL+FbfHMYvPlasRP0LbyGuFU+X/kaKlaAuL0eYaOtKmHMJpRlIQyKlJsvUW5Dg9/2SCBxhYAq9vAglwJZgGPnBlKEwjDzBN0ReWUUYl3CrzikMDx5v8vDeDo8+/ATTdQmTBMtySIVJoiWZlkjTQAqJabp0h1NG86cEwZxHH3zAn/zLf02ruY7367/l//Ltb6j5BiqTWIZe3g5IyfHcPOlE69xA9OIGa8hytEOKfHcUUpJlKb7v43ke1UoF2y8jpLGstodhxPHxIVIIXM/PIe0sK9AysG0L03YYjYZEUYBdqSAkpGnCfNSnUqni+z4CCMOAeRAxNRSGZWOYJlmWYVk20jAQYYgqki0pTdI0v7+uY2Jb9vcmJH4fg3gfX27VWxjGVeTqXe+/As0KgVbXjqkpNi259FDXaxyrIdeSJHktb1nNbaWUSysSSyMpajirttfrXRToACRJFYGNUop6vY5t5zd2PB6/RTl/Z3IkBWEUcXo2wkZeMRA/hnqvyEWKHUysRGsL19lqtdBKkSpI03Pu3L6N73ucnpwsdxzXcfDX15FSMplMCIKggB4jkjgiTVNODg+xDMn6+jr//t//O4zP7jI4P+WLL1/z/MUR1RrY9sKIxdVtSV8tWU5n08si2NwFlaNPju3kxTmtMaSBaTsolWGaJpaVYZkWjuXgl6tEUYCIk+XOGQQhwjBRSjObzXMo2TAwDHMZFliWhed5qIJaE8QB5+fnGIZR0FEi5rMZyrXxlFoCD47j4roOrqOv1DfeVW3+vtSbmyKK1SR+Qeo0TfMtaPemvGA1x1FaoHWKYsVAcnpUXkK7AWGT1xCt63jo9fdfyV2KhSdUnpMuMn9zNVmbTCZ5vC/AUFmBfCkq5RKe5yMEhEFQxM6C9208usCwkyRmOBniFPUNNCgJSQzD8eUaXLrea+6yUqnkEGymmY5f4fk+URjR6/UwTZM0Tdne3qZarQIsEbfVG2hZFkEQ8Pr1G9IgxNxb44c/+JTu8RpSOpydnqNUQhJdnsHlbS2quitwVhiGS6ChFEtsbWJa1rJOkiQJYRRhatBaERdVa9fzsD0f07KJk3gJhCxYwVpcFsBm8zmelxMsq2trlCoVfM8jTTPSLM4fnlkQDrXGkJIkTRhPJgQCoiRBZdmyx8U0JWmSYsoUYZnfn3d3Qw5yU13kej6yeN8q0/ldtJWb4GWUQqk8grlSy5HcGMlcx4Eu/21h/OIaY/paOWMFeVtd2OYCD89djYFhKITQxFqilYHSilBJpJagBdkiQtPixsRcF7UC05AYGBg6f4jGioFQhFfOguqERqtLOHX1QnP6Rl44SoqHbpj2ElW7iV+0ChsuELDhcMj0+AhLwWTWZSb63L91mz/86R+BA3/7t3/Hs28ySlUHIbIiP1hWucg3coVSK1VdQKIQKs1Nqkj+pIQomBLMZ3kBVSks06JaLmFYDmGSIrRCqLxIK4UgSVLCVNFqNrEsi/lstkwmLdPAtS0c22I2nRBHEWGc4jSarK1v4LoucZoymwXM5gFGEuPHEVGS4NgOGeBXyoRxBJiUTON39hjvQ4QWZNHVXGb1/i8MZ2EA7yNZLpEt5LJf47qXkNK4TM5XIdsbaiILcOB6xf19BTe9eEFpzKt9DtnidR74UzwUmc6oKIURWphCM8s0EyQLlPp6Zi6lJAwDprMZjjCYGBHCLk52cfIKEgmHVVbwgkuES62ec1HoEQJ++MOP8+akwissaPCTyYQoiq4gQ0opPM/D8zwMw+D4+JjeRQ9LGgjl0TyuYkSntNbW+JebjzGbZ7jlAw6iZySJQCtBo5G3TSoN3VMD1y3hue6VB5x6lTxfIkf7lqFHUQHODVaRGCZID6ENYp2SWSYxCVmagpRoI8IiJC2o9I7rkmUpoc4Qtk08jZHzFK1MEq1JhKRugC8VMg2Iohg1nxQco5gkCQnCOWalguM7yOmYIDUxG+4y5FmGtt/BDH5XEr9Y/FmWkSTJFe+yWOjL+s8KBf+7Grp0ke+tomarKJYQckmQXeV8vLVRcpU1tHj3ahPXYnGJd5yXORgM3kqStIa73oymTEjR6GyESjW2VLxUa2hRfouFuyjqCZkv0l6vhyMMpj6I1tUKuyA3kOPK28VCocGYXXVOuiDqffLJR5imIMpyakWS5EzX6XR6BUSQMu9H8DyPVquFEHlYNBwOMQwDz3GoTwRB94jh6z6NZoPfr2zR/MDgf5scc3LUZzDQ1K3cxatU0jvapl7zcFpNjILWjoasXIWCnj/X0yUPzLatIvzJLzjRmkGqC9KhibQEmaFIkwSExDJD3DQPz0QRWs5mU5IUDKdEMAtIkgTP85DSQlo2rshIZ6NiASt0mEPdhsw9m1YJhiUxwjlqLMiUQ1bN3iI2LjzxuzoOb2p/XV38Sqll/8f1vo3Fe1c9y030l6uNXiL30jcFKauLegHXXjOQZY51Q8guxKWhaCkv/YW+dpCCUWLelHgprYmVIMIg1QrDsHLITapit7yh5iEkhpnzjBbNOIY0kPLdtHlL3YwP67d6DwySKGY2myEqVeyVsOo6r+imXSDLMur1Oo8ePcIwjNxYxiOsksc4mHP4zSk7m5v8/qOf0Gh5/Of/+B/4+7//GoGVI2iKglmaAemS3p6fbLoAvRAqRaiiOKcW/LX8giQCwygINUUh0ZIS1/dASHSUkkXZ0uvkVXBQWcqg3yOO47wCHwb4pRKl4u+SNGU+n2NZNnHR26PNFJmmyNQkTjIu+n2klLgVUTR0jbHtvNruOM7v1EC2ek8X36thy+rv1xu3bkK+bu4Pz1FLtEIpfY14qK+27N5QvL5OUhTvQNvEwiMhCjhYo1VWeJ0c2TLr9fqNNQwzzZM/KUUe9yYptlQkiY8Qfg6HLsmMgjAMGCQDEmERBvPv1S77XeDiYpeaTqds7+yytrbGeHzO+cWANE3e6mq7Tn0Pw5DBYHBjGCEWDTJKLzFyCZRKPp/+4Id4fpm///tfYtsGjuPSbLZwnRJSGvh+6UretjiyZeeQ6zWHXlSGM+IgRgixXJSO6+booJAoI0OlLlpILNPMuVuGwWQ6JZyHy+uLkwRPa0zLwjBkbjRxvFyYWZaRxHHO9tU5fTwKQ+bzGSKMkPM5QiuyTC176a+3LK9uNtf//aZcY0Fpuf76Tc/lOvnxuoHcyNN7D+V+1RvKG3rYr1Bv3+p3Ma70Jwmt0QtDWfSkd9rttw8sBEY3Q8c5k3c4HDKbB9giI/Y7SDtfXAs7lUIwn885D85JpVUkUgKy1cXICnKgr1ETb0DAit0oDENOTk745NMfsLGxwVc//5ovv/qarc1N6vX6OwmIojinaSHUsNoQJgtjWeQppVKJJIn59ttv+ebM4t6dO/z0T/4FL54/R6kUtEml00FridYK0ywq0de6AhzHXiLomcpyCklhh1EUEYZhrpRhmliWhW3b2LaN0mD6PrbZRAuJFGLZRagB07rc5ZMkplQqYds2YRiRJpfG4XlunosUC33B8F1sMsFFFyfWNOpV6qJOmnhEK7SPBRF0gTzd1Gm4CKtWE+rF7wtYd/F9Ew198Z6bQJUrz7GAWSXyimfJG6nkOwU63tdl+Dbzd9GwJy8LhVoU+6ZCK4UZ6eymrgi0vrS+RYxqCFDSJBXWCjNGkwoLLc0ixMopInqlwplKlrRjrfIqtRQaU+gbfYphGAgMlMpvhFXAuUDOWjXMKw/yXcUuWfDANJfNNoj8PNTKTU3TFEsaaJ1y1rsAQ1KtVvnRH/8hX331BQdvTml6AsvMd9zT896yKLWxvpYvcnUZG2qt8b0SpmEuOT5RGCKlSRSFN0KnjmlTLzVQ+lKCKMsyXNelUm0sK8JpmtNupBCkUYA0DXzHyYl1po1SoArjWMgRBUFAliZIY0LZLlNVFeIkpXvRw3VdSiV/SXR8n7LITcS/RUPUwjuscvcW31d70N+uRbwNEOQ5yGWoJFBLPy+ueIerCJRYQX0uk3txA2/r8lpW0bLimBKkNkFqzHYgbg6x9PW8RaOEoJIOEVphkC0NJMPAzyZ5cadIekSBINgZtOcglcYoNKCE1kRacha7K35ELNtVJ5Mp6EuuT5plOI5Dv98jSRKq1SpJkjAa5Qmq67rLkGKlrEpWdshKdk55SRKiMAQpsFMoxysIR9FKKzONOBuiU4OW1+De5m12rTI/m/2C0+MjxoGJZWk8Q+UuWIOX+diZg9JqWTfRWmEbAq9qowptKCE1mVbESUoS5+FNHMd5bpFmOPUSlUYZLeQyts8TconresW9yApIVedwt2Hg+y6mKQiCKYYJtiVIdM6/QufQeBhGOeSsHJQ0qTgmJBFhFOW5zPompXJludAX9/E6enVdV2o1dF31CquJ+irR9bvaY6+E19JCiXx9oVUOi6+uFSHz3K2AcVEKQ8cIKVGaIk/MV6NWeUfi9SauvIX3Em1UOt/AF/gAUmDuD94R/+dljyWcJgRoYdBJDlmLb6h/CIkSxpXASQkoxVCNIVOakm+zVd9A6pR+4nAarl95vxAClWV0z1+Qpim2bVMqlUjThFK5zMuXryCK2Nza5PDggF6vh9aazc3NYhdXS1qBVIqoXSa43cTKYDAacn4WgCVpzTTVCNJFzUXnBSgzVegvj7iQXXZnBuU7gs8efsTOVPJ/PfmvfPX6DGnDvUfbmEa+mCzVR6Z2fmMXG5jSTKMp2sjI0ogwCfMCoh6TpJok8jDMvFdjMpmQZgoVeqiJpNXuYBgGURRRq9WxbQuhEtIoLoq4BZ1egYoMsAxME3Z31sjUlCieMprbZJlmMp1gmhZZljKfz6h6MTqc0DuJGVs2pmlSttZIozlzw8S2ratF22ueeWG4qwn9qodYbGiLvpTrXuSmvOSd8LKUaCkQWuVdIbqQ40GTwVJDRZCzp4XWSBRZqnKjyD8EQ0oypZbCdVfPQyGEueKRNHqR9C+8Yyq/R69GkQzl7sq4kXz/roxCi3whZkWolYqcx5RKDSK5mqoLASK7suuo4uKyNM29xAI6vamFcgWS1EpBliEThVAakWTINKevC3W9qFSENZZFqV7j6dMzxJdfMA5mPHnxnB//+A/51//ufyDlf2M6mZJhkGV5T7PUuXKJQK5w2gTzMCYZjMmKqvpC0TGKLAzhL925lBKzCMHe9C4YjadYRaV7PpsRJSmJlsRxnCudOM5lsDEHcyTY21+n5VUQ2kDbNmXpEIYpcRxdQRkRMJsH9Pt9lFK02m1qtRqMxjipwLasKwqP7xJvW611LBL9VcMxrzVvLX5eBV/0Nd7U9UKdQ4SpkkIIROYbsAaEgSTfSDUJUgpSnaC0YJrmCKtpGCiV5jC3YVzha12l2Vy2YItClEPkSSoqz9Yxv6ueuiDbLR5mzkpNf7dKbAFzqixjPpshdUaoshs4+1cb3rXWS82pUqlEGJ6TzGZIMzeWcrm8jNcX77dtG9OykEnGxLIJF2iEZVEql9CWga1StI6uGMkiYf/xH/w+9drXSGly8OaASqWC6zp8/NFHDIdD/vIv/wopJJ7n5pV0y8T2/Dx8W3xWmpGpFKky0jQhy9JC6ypACHspvLBkAmjwSxYlXzAYjplMxpRKJeI4IskEI+WQJglKK0q+UbBfBExTTEPjjkLS4x7Vmk292aRV8kmjjMFwsHxeANPJlFQEpEX9SGWK8XhMqCQVYVKv11BKEcfxMgm/TkdfrYwveuqzLLtCQ7nuPVY9yLuE6lYbptCQYaGEBYZJkpFHJ6aFaUhMNEIrkjQiSmNilRIGIZZVRmoYzyYolVIu+TmoEMfLc1iE4gtPvArg5NcglvmrkN9DelRrTbPZXO4YJycnTCaTG/Hn91LfhSCKY46OTzDImBsVRGn3O1GItbU1ALa2thg+/UeGR0dI02FnZ5tSqZQ/sELfSGlFtVaj3qgjkgxdgVFRxyiVSpRLuYFYxhh9eprHnwVSJKXMkbjehLW1DbTWRZER/tN//E9s3PmAH//4x5yfX/DmzasleuOVBO1Wm6OjA5TSGKbBdDqhurWG32qRhCFxHDOZTCmVShiiQhyopa6ubVs4ro9nanxgOpsTx3HuPbMMwyuT2WWEpTEQBPqS5uI6HsKSHPUm9IMJrU6ZjlJUdEDFL1/Z0YUUpCpjFkaEwRzf94mTmIuLC0qZwK82SZOEaZYihMyhaCGWIccSQk7TnHVdeIdlxbmozl8Wa/P61fXcY5WftdzRV7ZFrTWGBGX4KMtHpSlIsGTe2Xp+ekISDBkOR0ynU+I4JoxCapUqtoTBYEClWqXdWUOrDMMwcVznLSO9iUGMXnCycmQ2K/jd35vmvMqv+T7asVrnBzJWvIIhcpqKKd7DrLyBzrBASAzDQBRCYwu3LoseAVSOWkmVx+hiJadbhl6ZQGUKsQi3FvweyM9T55QR27bZ3Nzk4OCA45MTnh33MSyL/+V/+Z/5D//hP/Dy5Uu65+dUcPArVYbD0RJlG43G1Dc7HBweYAhBtVpDmAYbW5ukkc/BqyHTYU4LqddqlKsNKmUbO1Z4no+UkiAIkGgSwyVwS3l8rCFOouV9dd0KMSkqC+ie97iYjzkeDOloKDsOlmMjhcw3jywjzmKiKCYMQ0oln/lsxng4oJRoKs01Do+O8TyPeqOObTvLrs5FlVxrhRRgWmZemIzjZfh0pcekaJJaLLi8tTgP8/KNVV2WxLVaGoksNBFM08Q0LE4OXzHqnnBx9IrjV99y+OIpiJBIjZlNI8ajkDjSpHHuYWLLZHfvNn/0L35KFkdEnXU2NrexHWe5AlfVGq/AzIuNYBHFFGvie4tXLz7Qtu0luvJdXkMCkc6Y6pRV8rHUEMqrBrig0L+vors0VL1iVAgiE1IjX/xDkZBkAUJlzLVV7AHXxFEtg7TmgSVRmcp71SWkQuDYNtLIQ8lf/OIX7Ozs8JOf/DEvT0cMBwNGoxF/9md/xvb2Dr/85d9z2Jswm82I4zhf1EbORTt69ZrnJ8e4ts1HH31EyfepeWWkX0XEFsOhyenpKTKLMHWMQb7IHMemWq1yft5lkk0xtclInUNR3MsXpMSUJmFmEEUzgmiIaacgIE0DTMNilGlsx1nqTEkhCDGJMyj7PhrJRa9PGARUU41XqVCvVtnZ2UGlETozsS2fOFMkaUKS5FKpSkscx8+p6EVCvtr3oVWKaRQZqbGoWYBZdAHmgFOBQClNlAmEYWBJMKWGLObw8Dm//dn/m6f/+DNEFqPnQ+7trvGHuxZeqYyyfbQy8b0awVxzftrj8LzP83FMOj7l/OglDz75MevrW1TLVTTpWyqNl3WQqxwWoSnAgRzK+p3U3ZVSNJvNZcj1fgPR2Bi8yiZ8FZ3iCHmFvSWURswomoIyjo+Pv7NyeqlQcalbJLXmuCLoe2AqiWYIwZAsy2iX2rRFi1SnS/U+kSnSmkfygx2kIZnPZvmxDYmXmNwRHZA5JWMh39/r9Xn8+CMuej3++q//ms8++4x2u4XneVQqcH5+vhTEns3mzEyL3mDMrlXJi6ivTih1OpStMvPwnJYpWFv3aRlVXNfjm89/RtBZw3J8PM/lwYMHZFnGm9ev6ZRKPNxUjEcjjo+PSbIMt1qhUqripm3i6YB4fIZ2Usotn0apguk2UZlkliYcH50tBdGE5aARbG9vMz3rFlCyjx5e8OrbEXfv3idq2Ez1FJsGoZMxihRZojANjzTWGMJF49HrvaZer+M4zpWecSkShFAIaSAMc4k1GSrBliYKAYbJLEzyan65jVKK7skzDp/8kldf/S2Dszd4esCjTZtavUmjsYthmsxnM+ZhShjlXkhZEXbZZut+k+1HG3wYwtdff4stY9Z29imV29ikKNO8UgtZrYFcyZOLfnqxEJTjnzD+4Hu3ZopL6rrUl0Kjq/CWkDeraVxncF5BPwpXvbhAKcAoVCgMUdDwC33U6wzNK7FwIfey+C7kvfJEtKBh3L59m9evX/Hs6VPOxnHez2HbfPnll+zv7/PJxx+zNUv5y7/6a7Tncfv2bebzOcPhgPZGxjwIGY1GBEHAZDplOpti2C5pkmHbDr/32e/z5Zdf5nlHeoJCsr+/z9raGhsbG8RRTKKLxSYNtJDESUQUJVhmjApzpkAQBkyDOeWqTa3eQAqP6STk8OCA8/PzJb3FsixczyMNpkymU0q+j7RNHKtCuVwliiKePn2KZVns7OzgXvSoNDsY0sa0DbI0pdascnp8wPpGk3K5TBiGK7mIAK9OnGa4rkOa5rwmjQbpkgmB1ClpMMEmQwjNwW//Az//2V/S6x5RdiW7Gw12GntYYockCAiiiLQXoXWIQDOPFZmwsG2X4SxFz5Ji8wvxSyU++fRDzgObNJlhmArbNlHGO9rFxYLhcVVZf0FolEL+f2c+yKK4h8hIVXoNrNLLnCCJE4TIc4nVITSLi7lOdstFESRxkhfYTMtEpIo4hsQApfI4dkGbWJWWyWkayZU8Ry6SzmvIWR4mhbx48YJGo8HjDx7zm2/fUG/ki+L169esra1x+/Zt4uMLfvjDH/LixQv+5m/+hkajwf7+Hh23RLc3IAiCJWL1zTdPaHXWqTdby4E/4/GE/f09fvWPXxEmKVtbW7iuy/r6OnEU8eTFc548eYLnuhhSFqTF/DsLcrWUKIpwvUXnnqB73iUMUg4PD0nTXCTbth0soWj4Np4JscholF2kSLGkZh4E+TNJkgJBi9nb3y8g81zXan1tm6NXzzBMq+hA7VErFGSUUkjTZJIauK7HNI5wLQuVxmiVglMhUymz8QVB/4jjF1/wm3/4BdbsDdudMh99uEumFMcnh0QC4tggigokyShyWqXANDF8j2kY5xV2lYfnpmWgxBjfs2k1SggdYZgaLRSGNJeI5dUi54IVfEnQW0W3BP+dB+gsuDzj8ZjuRRdbGPQ9kA25wo7PrTVOEo4OD1mIOO/s7Lz1WZf4eb6gb926RXjxhi++/pY4iqnWKpBkHM0EA18gkoz2Wod6vb5sN130KUwmE3q93s3aXlKQFefebDahQEyq1SpKKWazGY8eP8Z1PZ48eUIYhrx69QrTNGl1tpnOQ9zjYwxD0u12sS2LRmedOI7wPI/hcJhLEnU6zKOI45MTTNPk+PiIarVCEjv4vk33NOG8e8FkMmZ7e4cwCDgf9Anneafnoi5ULldY66zRn0eFd3Apl03u3buH55qMRoccHZ4VUkgswYO7e9vc3dshjGKS2RAVTmh3Orw5fEN/HtKo15YtBPfu3cs3ryQmCBK2t/aIp3OyFD765FOmsym+5y8TeMexieMEHCfPEbOEIBjhGpqSazMfHnNy+Jpf/d1/Ydp/gw57tOs+uxvr6CTg6OVTBuM5jlcmjBOCxMSwKqgsJU5CyuUytWodDEmiNYblMZ6M87ER0iCMMpAx5fkMo1wGleeVhm0jpXlFWnVVO3jBlxPXFE4WFXbzu5Ly3yXEeovrciMjf/F7ITvPd4sGaKXfGXrl9dViMlA+nSKPuQ1Jf9Dn4uJiCectyHU3nHiOHE0D/vHLf1z2GlhWTtfIsgy7COsWw3TK5TL1eg27tobneuzu7mKaFsfHx4wnE0zXRxomtVqNRqOBbTs0mw1evTnk6fOXPHnyBNPK54MMBgOUymWInj97Q71awXV9QFCv15lZeYKZpSkXFxeYponjuGgVMJ1OqdZdNjY7rK2t8fLVE06OT1BK45dK9C4GlMse6+vrbK21KNsC17Bhs0MwD/ANTaNa5tnhEa9evqBerxd0nhrhfEo0H7G+vs1kcME3X3zFvTsPOTs+pLy5QckvMR7nNZvRaITS4No2g7NTbBVRshQ6nvP5L7/h5W9+TTAbUq853LlVQSuDMBhwMgwZDAPms5BKuUGkHFKVkaqEKAmxLRvXLSMti0xCyfeoOblHbtVquZEkKcKUzOMxju1SKleplMu4bgnLctAqeQtmXqwh472ERv1uA3mXKt+7ODWrdOd8EYpLDoc2rtmIRmAV1HD1XtEypVSugl6EPqZpXO1OQ2MLA6+oFHvCxBF59bQ3GdIfj5YNSK1W6y126rL4pRUl1+Hho8doKUiThMVwIaEhiiMs28Z1XZIkYzweMxqN6cQhjmuyvt4hjOZcXJwyn0/pfjNEGMZyNqLrumil6LRbzOdzXr9+DdohRDMbD0nyzRfLlCA0X3z5W8qlElmaUK9WMQxJFMWgNN3zcyajMcxKOaNZz3EdhyAMEULy4MEDRqMZv/7Nl2RZrg2wvr6BZQmC+YhavYkUZULPpFHzedXtYVkO9VqedDca9Vz6aT7FFgKdZZwcHxIGCVE44+XL51TCOUeHBzSbTSbjCXGS0G61+Jv/9P8knA6xVYirQ84PnlFxLXZKDu2NNSbhmLOjFyiZMhiekZXu0It9EDY6tikbPl7JxzUTLF8QBnHBkoY4S0hGfVQUM51Nl5ueaRhgGAhbMp8H+HUo+1VMMwclrut5XZEY0vqt/qOFcQjxDg8ihODs7Iwoiq5USLMsY319PdehXVG1MAyDwWBAv99fWqeUBlonkK3B7DHo5IrikAXs7r5/Rl+apgwGA+7evUMYhZTXyuzt7TOaBHkHndJkaD6xWpTdMrGRsOauUXNriCTjeH+Lk3KhyXXDnAjDMJjP55yenOYZ/ooBSylZW1tDCEgzzavzEUmSsbm5Sbvd5vT0FNdxifUJF4Munush7HMa6wmzwzN6wwzLLKFUTjWv1+tsbm2z065gNi3iruL+vW0M0yTYLPNffv45wwCaNZNSNSUK55SqLhXDJs0kcRTRC4Z0PBNUhIsgNKp4nkOSpUymUwbFiLlEac77Q1KVkWgYz0OmQYyxLjDEhFEwI8tSxsGEUr3DYNhjPgJBgiE1sRFiWTVG/Sk6dHn98oQ0zajXa1iGZh6GJIaNYVjcuX2f2TRASos0jnj2s/8HtZJJs2bxYH+NHz3YxbUVE1Xn9Sjg9ZtTRsMx6xsbdAcB6ahPqVLGKlkolVCuWTQaZSzLREi9nJWyqF9MJlMG4SD3DDolSSOkYaOTBBmnxDUTu9GiVt3OUTM5RGgPiXFj67BYkfy5EjkV/zPft3NfV6l4V2/yzUrgq/83rneaLwXqvk9ec9n1VeDqUrDK0pdCYAqJEhITiSkkQmhMKTBMMNVVnd+3w8EF6S3PN7S4SqSzTIPb+7c5OT3l9evXeJ7HaDTCMEysoSZJIjqdNkKuc3p6Qqls02nbxLFDtVpjMplwfHzMcDQm2e6wXvf4/c9+j82NDUaTMbOJy8cf3mL+7Rs+/OAupZKP6+YQs+O4dLsXeYW4UuFf/ORHjMdjBoMxL1+kJIlkY2sTx1VFD8yM8SAmnk3RaS6/JrOUs6NXtO0GNS/XDnNdH9uwef70gizWGEQYUjO8OKezVmXQ7REHGSLRDC66WJbF6/4F4WxKHCc5GyCaM3jzjPG4h9IpjXqFD/db3L93h91bW5gWdC9OOD07YTQ74uy8z9bmBtV6A8Ow2L99lzCNMSwDx3YQUjIYDBiNhtRqlSuaAstcx3bwfR/TLBOGAZmKC01gEGSUKk06G7fwK2WULhJ0Ja/Q5Bee5H0TzBYFQ/N9Ei+rLM33aSetIkaX7owb8o7f/WsxAWshrK2v9+QuyJSLirtWZFohlCq0lQRaXW/efzc2LQ35VgdamqW8ePECy7a5desWL1++5OLiAoHAGWgs16BcrlCr1fjVr35FuVRG6iqjkaJU8rFtmyiKiJOU2XzGzFJYtsNoPEZpTRSGOK7Hj//wU0qeR6lUJggC+r0eUhqF4jw8/uAxaPD9ErbtMxwETKcTTNMgCOfUlIvvl2hWTJJZQBa5ZGlCteqRhROOXmd0haSztkatbnF62iMKNRW/zIO7FQSa2azE5tY6o/GQRrlKME3Z393CMAy6512SaI5vOgTdU7bWa3hRF9eZsn93g9//7GMerd9jMgt59uaQN6ddvn35mlkYU/M91tc6KAGWbYEpsFybtdYmcRIvC8W3bt1aCXEgCIJlk1U+WiIfyHp2doJG0WjUcD2XRr1GvV5j+84nrG3fxXSdol/Pyre/G8SybxS/W2QGBcpl/NsP2v/rTUulVCpRrVap1+uEYchilmG5XL5SHFp8uOM4VKrVnAclBLP5HENCIEsMrQ7yBg/yfar3uzs72I7DaDTm445EhRNOz7rLEGkhyJDnBCOyLCOOE4a9PnPPIKt7FFo9N35+kiRMJ5Oc+68E9SAvbpmmSbVaZTab0ev3eXV4xouXL5fFw9FohOu6tLbqGHYeYnY6HcIgZBZMgTLVagfDkMRxQqvVpFSuMOlfILKcm7UQ4js7PeeLb1+yefsWuzs7mKbJs2fPOTw6xLQsyuUqtVqVbrdHtVqjXPYZDEYkiU+WpViW4Pj0AMc12NjoUDFtLJ2xtdag5BioOCScjrGkwWQyyxG0kxNm0xnb27vE8YitrQrhfMxHHzwmnockUcK9/TtkYUAwGxPOxoTzKbPJCM8U3GpWadVsNjoev/+D+/z0X3yKTqc8e3rAl19/wyxOwfIRVhm/2mZ9vUG708KwLIQhEYaBNA2iOFqGtAt0abGIF01fl33zOSvA9/yc7TyfFuqfubiG5blU2w+ort9HWw5CKAyM79X8dUl5vwo0vdODXOYS309qVAiRz6kwFsLI+p8961MIgVEk5AsX+z6Vv0U7aJql6DQthqD8046rlKLf79M9P6fXH4DIm66CIMC27SvizEtDm05ptpqcnh0ThhG1iklatA2bhkGmNaaVs19Ny2Y2mzGZjDk6OkHrQru2aBUeDof0+0Pu3bvPw0cf8+233/L3f/+/8/jxYyaTCS9fvsSx7mNaJvP5nPlsRrfbZWd3HZI5VUdya2+PwWDAN998g9Wo0FprkOkM17W4VWngOg5CGJTrFZpNm+kgY3RxyrA7Bm1yenDM6fEr5vOQfn+EbUvanTXu7G9RNSJanSaffPIBnm9xeHjAb7/4LZPQxi/VSMYzjo9eUak02N7ew68ZWF6uX5xlGaaZs7EtKVHpZU97FEU5ZUcKyuVSzkJe6DNrxXwW4lg5+dDzPDS5IWUqo1Stsn/3E/zqGrFMchGN1ELKbClSJVbara/LprzVm/8+A3lXNfv7kBr57zhu/SaRY/2OiUFX8ooVjj/faeBv7yxZlnF6esr52RmD0QhZai972a8I8BXXK4RgNpvnNRiZe7VaNT92VPSDJGnGWtVBJ/OloHOz2aLf61Nqe7l6S5ISBHPCMCMIclr9cDjkyZPnaGAyGTGbzZnPZxjlFIFgMp0wn4dc9ARZljLpnZPOQ/T2OraheXB3j+3NbeZ6CFaG63j4vpfzqywLU7Ton58jdETv/BSpXabjGf2zLpPpBYZh0Gk2uHVrE79UplyyuX23w+bGDqNwxm++OeD8tAtGBaezRqVawxEG+3v38U2baDpnGM8xXYsojvG8fGBpkuaSR2XPJyk8s+u62LZDHAe8efOGNE1pt9ukacpoNCIKYwxhUKtVqdZq9HpdBv0Bt+/ucGt/n2prkzhnoCIQGMIgk2olbBIrrc6L6nmG1nnemjdRXa4H87t20u8cqkKeBJ+X4awEtoChCV0NhglZCkb8fXOAG0sUy684jmk1W/zkJz/hyy++WE6SWoXwhsMh48mYLM2opyG1QUCSxFSrVRqNJpBr315cdDFNCzGb4Z+cYBiSNFV8Mb7EzJMkIVOKUqlMd5qzb8vlcl57qFZJ0/y9jUaTb7/9lsFgwB//0R9TqzXwwpDR8ZfESUxLKUrSY5bMWa/cJkxMdna26ff7DIZDpADHrmAbbUYDhWW08OwO591znnx5yKcPLVpujfPgDGMeY8xi6qbLILygs7ZOqByE6ZOkNv2BwfHUJQlS3H5MNB7RqvgEYcjxyRvu3tujU2mQJAm+ZRFGIcPBjLK3RTA6w/N8zs+7xHFCOI9pVtvcubuNZSsQCfVGxkcf38e0Wzx9+ZI3B4fEcUK10uSi18eIBwxO+vieR6fdJvGh3KjRFGUc18V1nFys27AwDJMonjGLg5wFYEmm81nuFWyXjbVtnjz9lsHgJZ12m1q1zczoMeh1GfYTao0arXaTimdQqXRw1n8IjoWJRmojZ/jaGiN7V21vUfswCuO4vt7F+w3k+3qQhRBcYOZttqGpCc3cQK4rf/wTTORKKGWYBmXHvbEivqBmk+bnPur2mPdHpFlGVK/DWoTKMjKlMOIUaWhkECPn8dJAgiC8ClQIgTQNMhUtQ89KpYLv5zq5slDBXyB8QRjkO9vJBJFF6CTEtSyqJYdmxaNc8mj4VUajEfP5HCnykW64Prs7+8xnU54/f0a3e4FlCNqtDo1qjf7ZL/ng4R6e7dIPesRBgLZcqiWbUV9zZ/8WQTAnjRLmccY3Tw9RSvHg1gbCMDg6PmI0HHN20sUxfYIwwHUcSqUSjqV58+oQy7TpXfSQQlAueZR9n4cPHmPbkm7vmP3bm9x/sEcUx3z1zVeEYYBpOnz88ae8fv2Gra0tbLdEmqZIIYmThHmvzywMqVXLpOmMYJbfH8fx8g5GzyJJIpIkwfV8TNshiWMmwwlaaR4/eszJyckyjG00mqhEcz5PODo4ZBZodrfb3G52qHd2lpuqIcRSZfldAnjiykA0vYK4Fn+p1fsr6e+TpHyb2p73fZhIDMSSBKj1PzfEUiuKGYuONPXOqv/iRhiGwWA4ZDgagdbU6nVGsylJElMuV+i023mgJiXCNMCQiOVsvEtYONeHy130wgiazWZBWVCFGBx5jzqa+XxOrVbj1fRJTjAsBAYc12Nvd5dvXx/R9CoFZaTMYDCgXq8jSw1M0+Dli+ecnZ3x/PUZ1bKDbVt8/sXXTGcRP/7DO8RJwsbmOr/+/AmpOeTszTNa5Qrlcpmz84DpxRGGyDlKp6ddPr6/S6fTYSw1s+mQ05M+Qjv5WOx6Dd8v87Of/YpKuUqj0WA2mxFFEa32BlmakGZzxr0Z9+/fY329zfnZkKPjU14fDrBtk4cPH/HVV1/lIE2lCjJvw3VdF601Jd8ny3JI2DAkw8mQ8+455XKZjY0NPM+lUi1TLptEYYRtS2TJwLV9wtkcpRSNRoPRaITWivE4YG1tn3B2xmBwhBAOXqVCZ3sXv1TNe3xkziCWi9bkd6GvhTB5zmyXN6Kt7ywUnp+fL8l910l+N0HCk8mIw9EYRxikWZo3oJD+k4xiEbPnxbp1PNcFaTCfv+RNr8/G1m5Rh8hRrF6vx3w+L8KdxrKQ6fv+UsyhXq/TKWLZRVhmGAZxHHN0eJhX84UBbjXHzw2DRrOZc7q0JpQBnaIHe1HBtSywLfj666/RKk8WX796jV8pYZkmsU6oVitIIZfV9LVOB8NxSIre7yRNqVYrpJbLf/urv+Lbb75CCBOl4MH92wgEz5+94M6dPZIkodvtsrm5yd6tLdIsY3tnkyzNGAwviEddIq3pR3Y+zz3NODs7Y6NRxfNcXKeMyhT93pRBf8bOzh2ePnlNp73BxkaHfm+A4zgEQZDTUHwLxZxbe5usrXUYDsfUa23C4Jj19TW2t7eQ0mBzc5M7d+4AglkQkiQZSRIvJWBzcYgS5XKZnZ2dZSfgYDDg7CznmLVaTdbX10HDcDim02ziGCb9Ah1sNlsMBj16/SHnFwOUSljrVGmvlSk1Nqi09/LlvNQRVXkOqm9uxFtI7C5GTStV0M1XBBvETf0giw+K4ogojK7w6PWKPMNC+Hcx6CRJMoI4RGPkE6+WcirieyNHC6PY3tpcJtol38OybCzb5vDlIfPz1/mEpemUSqWyzE3CYrDm4rUFTOjYDmnR9+C63lIn6vj4BMuy8p7sMMoH4ZgWjndJgXaKmSgawdpahXkQMB6P8H3/srdZSsrlMkmc5KxSIx838PDRI8L+lCAM2Nreptls8urFC2y3jGE7DIcHOK7LZ7/3Gb/9zT8ySea8fn3IfD7n5CJmreFx984ejmly524ePi3YDd1ul3qtzP39XcIwYDKZkNlQ39/i/OycrNxgNJoWqFvEyckxllDMZzEb61scHx/jeS5Pvn7J0fExH354nzTNiOKISqVCmuX31/erNBp1mq0qtm2hMsG3T17i2BWaGy18v5Qry8cxp6enDAYDMi1ptVq5GIVp4pdKhEFAkkRMp9Nc56tSoV6vY5omQRBxft7l22+f8cUXX/Pw4QOElFycnbFZaI6dn58TBAGtVgvTmjKbz4mjMVqFWGaDnVsf0dr6CMO0yeVBCgmmBc1JvA34LJGqRSFdqJUOVFFgL9dykNX5DCZ5ZVoUGqW53ByYQmELnSMDhfiKLQSmVPngS5GTB3NB27TQs/3ur4UIsm3bPPjgkyvN9bHKUAqePjtieHDMdJ4RRYpaLR9RsFqgvPwZICPTSQH3JkhDIYWg1xvx7NnXWLZdQK6AzpDSuDEHk4bJ2voaL1685OjomE6nEIvLFFLCo0cPef3qNa9e92i1Gty+vUfiTDiZRnS7Z0TzOs8vuhy8eYNbb2F4FSzTYHN9jTCY0b+44LfPTjifK3Sm+dEPH9BqNZjMAtxmnf29fS56PTqdDk+ePKHf7+P7HrNBzvwNgwCdJCRaU/NM3I09lGFx9OIF48mM11HI9lqJzY1bVCotZrO8F302O+LevQcMhxNu7a2TZYpeL//stc4GQgYE4YjprMx0EnDw5px6bZ1gHlAuVwiD3DgXYhlpmjKZhViWRa1WIwpDTMOkWqli2QZxHDEajej1LnCdfIR1ya+y1tnIuyCHI16/OmB3dw+VaY6Pj9jdvcX29jZv3rxhOpmSpBH94SlmkrK73WR/b597D36IaVXJ1GLkuV6yIxbDmG4qEOp3SeHqd9Ddz8/PiwRL8NJPCcoCuZhsWEikHCcVjEF7qc27yD+mqoyptxa2e3kkbRdG8u4qvOM4PHr0EI3EFIpH6hlmnIc2BwcHtNtt7ty5zX8WAWMjpd/v0mp1cj2kleRLSlkkvwGZiqh6D6j695E6oXeUcPB0jmEaBIFPPH5IKuWlDKoWYKdQGd+os2IaJrVana2trZV+ExheCLJE4Vu7rDV8VGRB3GKQaN4EJkNZZ3oW5PlK/RZJqcLXL19TKpVw12z+7/+3/4LvOTw/Dug0XB4+2uHuvT2SOOG8e45REmzs3mL/9m1+8YtfcH7eo1IpU63WGGUxgyigUqsQjsZcXFzw6NEDkukIxzfZf3yfw9Me54OIWJjcvltia83AMH0azSZaw/7tMvNAcHzyGqVDKhWHTCX4JZMktmjU1plNYoL5kP39PZI4QxHS7x8XTOEaG+vbKCVYX6viBGNm8znZeES1WiXWGVkaI22PUqWGV64wnUyBfFbjeDRhPh6Q6gzLswnTiN6wR8V3OT/pgsgn9ub97waNaptgEjGbXGBVm+x9+Mc0bj8mtQSGUFcSbY1Ai+zGUsEq/LOMjMRlO3fhMq4ayHw+z/sOhGBcksysS+nOBa1Vz2104sFixHDhRQxc5DLRWTkFsZj4wVvubZU02Oms5UJfOsEfPsHUKZkGc/iaSlWxaW/g2xrPz2UpHUcWsNxVDdY4jonCGEWMCmLCgUYYmkF/ytnpOVIIPN+j0dokS1Nsx6Feq+XFdjvAqL9Yxq2XDQIsm7rq9fqloosQjAYh06mm0WjQamxzdnbOL3/xJZV6i2lmkFklEq1ptNb46ssv+YM/fIDbn3F8espvv/l/cXAyZqPjYVmSD+9usrHeRCQBW502Vc/E80tLmdMwDNnY6HDv7j0ynfHi8Gku/OB5jE7PSKWk2lnDYMrRsE+zvYnnlXl91uNiFPPs1TNK3ibt9Qbl0OLs9Ize8BiQVKtlWq06v/rVr5lOZ9TrVbTSpEk+Gdf3PWq1Mt1ul3LF4eT8lDBMSFONbfuU/TpoRa3RoFyrMZtOmYUBwpDU6/VcNjXLsCyLdqeT5zlhSLPVZD6fMRgMmUwnzOYz3hwe8PDOHVqtDoP+kFarRa/X4+Ligk5nA0ParG/tcv/DH3L7w8+QdolUrxamxeV0XN4WxtYrurgL0Q4kuZjHQpLuJrKilDLvyENgaI1ZKIRcMTWxePF6JVIVmnfvhmlX59ctdv2suGlpkuSDZFSay04iUUqTCoNMmChpkSlNFKUIkRLHCVYxkHK1AmoYEgyBYVoMzi4Ydb/Ac00GsyFnszM0mjXWaHfqxCrC9ys8enyPNFVoY07k5ZTxvNtvTJamuZxPMaU1TdNlfJ2mKZPJCMNysCyDV68uGI2GNBtNOusbzMYjlNZsbKzz5MkTZpMxs+mYyWjI+dk5Uto8uN2iezFka73C7u4W5UqZRrNJp91mNptRrlS5GE45OjqiXq+TpilRHGE7Np12m/F4wqsXL5lMxtSqVdrNJmGYIm148Og2J70JJ6M+s5MBSqyjDZ/BJAYkmXAIUxPfyZm4FxcXtFotfN9nPJ6wvt7BtBTjyZiHDx8SxwGInMpjGCZSZEvm99Ce0G6v0ai16HQ6sL6eC2YHAbPpFJ0pOp1OoQ+Wt+ku5ttXqzUcx12CQ/Mg4OXLV9zb36dUKnNxkQ+zVAomkzHVRh3Tr9Bcu4VfbubFPeSNMqnX18dVYxFvM3vVqvHc1A+ykIDnhgk9YkUuUby/Gn1TKGXbNo1GY2kUC7jULJrqNZf9wBQVzc2NDSzT5OT4GMdxePz4IXt7e0td20WiPR6PMU2D8ThlPs8bzH3Tw3c9Xp4/JZOKql0jUSmO4RSTeykW+ZQ0UZhejN/yEFwqGXbabRqtFk/edDk9O8fz3GUounfrFrV6nfF0Tq93QRAEvHjxivLHOV8tjOKi4cfl6bOXPLh/l5cvX9G9uECplHq9ShCETKYZpp6yubmF7VqYhkkYhrn+mGGQJDEvnj+nUq2SZRnn5+c8evSYg5PXPH2WdzY2GhWarTavX7+mScb+/jqzeZ/NrTXCX05ptjxS4fLl09ds7+zm9AzTo7G+w9HLpzgy4yc/+QnHx8f84he/KPSAU05ODrh3/wGVqs/BwQWGofFtB+FYNOqSJNH0eiM818u9d0EVse1C2rRcxnEd0jDmxYsXdDod1tfXlyDKguNXKpV48OABpVI+WmJ0MWA8ntGyXNJEMZtFWKbLRb+PWXb44P4fsPfoM4TTgEXs8k5DuLkZ8Dq1BJ033i1GIHxHJV3cQP+V/ySG1aW0Z04RSNMU13XZ3t5asnMX6n9X5kIAtVoNrTXD4RDLstjY2OCDDz7g+PiYwWCA53kFbJszf8NQMx7nw2dKbYt2p8k8WUNISaPUIEkTyuUyjVadLM0wLZP+oIdKwU4yvM18eIsQgmq1il8qYVkW0+mU0WhIqbSVP8DRiOlshu9VmAcxk8mYSqVCpVJGGgbHJyfcv3+Po6ND/u7vfsH6WguVJbw5PCLJNEmsOD/vMRynhBqkYbKx0eHpsxdIKbj/4AGDfp8gCBlPJlh23q3YauX97P/wD78kVDPa7Qr1WgO/5COEYDgcsb/XYTIZY5gZlgOmmfAHn/6Ap98+pRvPCTKD0WjE/Xv3eHl0zounz/jo7i6v37whTfL7M5lMOT+P2L3VIctCzs4P8XwLyzQxTJvucE4UxEyneW0JwHU9hsU8ls3NTSjm1RuGQavVolqtcnh4yNnZGevr65imyWw2IwwDPM9nNpuxXkwrPjaPcQ2H8WSMECb1RpMsyah36tQ2m9x59DGNrTvofNIlguxSsPoaWvWusQh5MfBSgvRKUbv423cbiEgKZRBBpopxBkIjdfY7mYjWApXl7jFLZC70leZoQxKzxKKFsArcWLzV2bhok0zTlCRJln3mN3kpKcE0BMLQzOchVcfhp3/8FwgEF/18HmO1WmVzYzOfQBvHDIfDvFvRSDCMEKU0nuexubnJ2ekpL168XGq5ZlmWy+ZMp3S75/hNczkKTAjBgwcPaLfzsW/tdpvPP/+cXm9AqeTx+uAUhOL8IiRMwJKQKYElNK1mvkCOT47Z2tzEMk0m0ym1RpOmdHiqnlEuVQjDiK2tbaRhMJr3mM5m7NzaZTgccn5+zvrGOrP5gHqtzJ3Hd/j5r7/ip3/2R5z1pmhDcnIx5+DkSd4KYHoIQ9CpNzk7PcF2HNbX1rl37x6T8ZRKzWY8PWY6H9BstSiVnFwxPk2pVmocT09xHI8ozNfH8dExqZ0v1LxPvoxlOygNZ+ddmo06u7u7HB8f8+LlS6rVChsbm1Qq1WLzycUiWq0mo4sh3eMu5Uol94rNJgdvDtm5s8bjDx+wd/cBWrhkCAzIG681N06uenfbeIG2FvI/l3NpF2TbdxqIhvgWKBetMmrVaj6AXigmQ5so+X7avFoJHD+m2pyTphrfj+lsLdicM3BD3h4RoiC4THxW3eHa2hqu63JxccH5+TmTyQTHcZZasvl8dwjCvDra2IrYezjnwcMc+q0cp0WBb47vnxQEwxn9+RESSSphMLycp7goPo5GQ+aRZH09l+NZsH2fP3/Np+1dDFOQpCnPnj1nb+9WnlulGYPhpBAbKBHFKdNpTKtdY56EVH1JEiscU1MqW2xstOn1+3Ta7WVSms9Pn/Hm5A2Op2i0yliWzd7+Gq/ffI2JQTQKEFHM5LxHNgtol6rYJUl7Z4eLwZR2q43levzVf/3fkU4DtCZNc4M+OT7lh7/3GfPuKf1exM5tH8MtYUnJdqvOuH/BWnkTaUhmvSk6TKnXK1QrFQaTlDu3tuheDKk368yDmIqT00wGF12mowGbm2t01tpUKmVSAaeHb+h01ri1tc1Ft8ewN+KrL75g7/YezWaLNNV0uz22trbY2b/HfK7o907Y2GyTqowf/PhTOrf22Hn4x3i19bzeoQu9NZV3sK4ayfskbXPvItCiGNmhVwfN5gLrWoir/SDj8bhojoKefECi1yAp02rcpVLaxrM3mc9joji4HF/1TkYtKC3xKxGd3SG2G1OtKzobDm4pwvFDtByBMb7yLeWE9rxQuLs2xNH3fQzDIAgCut0u0+l02QuSpskyuTZNjePAzq7HnQdVmh0L2wtQYoBXTjDsGanugzEizi6Yzo8Q1hgtZ0RpPtt9Op3S7/eplMuEYYRXbXJ6dsajR48olUqFYDOUak3+y3/9OYbMe7hz1UnBYDRe1gOOjo6wLBPfM9HCpDec065b1Ko+nXaVeqPB/bu3qZdc1tc3ePnyJaenpziOw5vDN2zstvBLNmE4wy/bTGZDNjfXmHRH2Iak5PocvHqNyKDieVilCtqwSTON67gM+316pwcYlg/CYjaZ4Do26+0OlmkTzSMeP3hAqvOpxpnOGM+HONKm47exTYdoFuTzEV0HyzSXusaj8Zjzfp8giRlOxviWx+b6OrYlGQ0viKIJKovoNJvYhsF4OCSch3iuz+7mLvV2lTeHr/JZK56PYViMRxOEkfcXqTQkTec019ts397j/g/+iM07v4dTFH1zlm4eoWidfadx3NQ5qItan9DiSoj1fmVFkRZhVgIyBrHQFip2d3GV1r5ApFbjuywrvlNJlkKWGmSpLMYFiOX45Ld7UURONls5xqoq+Opwesdxlr+nqeL27XbBuJ0jpcF0kqAyA60EcaQxDI0UBqZpF2REBdoqJtQbOdGtoJSYpoll2yitqdaq3L9/n89/+zmulyMuu7u7XExzbap2u0W1mg+hmYwnTIMIv+B8eZ7H0dERP/rR7/PqzRGG1pRKJUzTYDgO+MGde1imRa1axTTNvNfDcbh75y7dXpdGvUm1UsOQJsfHx/z4xz/m9OSUXr+f98ivtakeNuh2hwgpOT4+wrAk21vby/rQX/ybf82zgwnhNy/Zv73H+XkXwzQIo5Asi4iigI32Gk+ffoVhZGzurKFFRt2q4voOsQbHcam1OgB4jkcQxkhp47sVwlThN2roSNMfjFhfb9NoNtDkVfmDgwNq1RrNdpPexQBNShDNqFYr/PSnf8rJyRlnp2eUylUs28EyBePpjM3NDaZTD2XZbN96wMNHH2KU/QINlfnEMr2KjC5yi+/WjV4oybPoGxKXla/FkEDzu6QRhZBMxlPCIFrWGZYfvGIci/7hBYwrBChl4JSGoAcFdUSvtGfoGw+plWYwmCCzq12ACxrJQrqn0WgAcHHRIwhyaFZKzcl5RjtV/OGPP8NxPIIgyEcVCMHaWgfTNBmPx5yenmKaZnE9+U2SpolTKjGfzZjNZgXCoun1eoxTgz/5k58yGIw5ODhCkxHMA5zaGv/+3/0paZpyft5lb2+Pz3/7WzBtsjSlXC5j2zb7+7epVqp4Xp+d7QZaaeZBynSesb21RTgd5Lwly2Z9fT2Px5OEx48ekaYJm5ubNBp12u32Eipd31jPw7B5QJKEfPLJAyzL4uT0lGaruWwyazZbtFsNuuNTbNsmmE+R0mBjY4ODwxNGZ+dULMGrNy8I4xl//ud/zHB8kU/lqktePH2BYSrubN6iO5xQLpXwbBOVpfhehVk0RUpFEkM8j4iiEK00rXaddqdBs9nGllmBWgXYtsHJyRG1ap2KqDGPA9rtNp5b4uTknNFgjBA9tjbXSeMAt1Rm/dY99u9/jOnWUEoghFFwSLMrlfL3J+VXjUPrRW9RMUBTX2oliJsKhTdBvkIIxuPxlTnk1w+4GBfWbq/K6uTaJdpIL4UXviNvEeTqef1+b6m+zkrStUCsFhrBYRhwcXFBmmY4Tj719ehlj3A+pvyvfszu7h7j8Xhp2Is5fFmWcXFxketecanaZxgG5VKJ8WhIHMfs7u7mXsr1+dtff0Oa5gM86/Uq4/E4nzvoJ2gt6Pf7S72qeRCws7eBbTt5DlKr5fpWsxmVSplbu5Kvv3qCX66xuZb3UsuKx8VFF8edc+fOHcIw5C//8i/5i3/9L5nOZnz99deUy2XQMJlMse3cAFutdjEuwWB9fR3bshnMhozG4wKNmrCxsU4chZR8n/l8voTWX758Q6mc6wFLmdP4767npEjTkDSb6/z6y6e8fPWMn/7pH3B8PiDNIh7cu4eVgm37lEomR+djhMwV3yOdEMwjumpAr9/j6NDh1t4uu9t14jjBdUs4jsPW9hbnZxccnxwTZxm1ap1quU6n06FWTTk4eMVXX/2aZrPF/u0HbO3eodzcQuGgVR7+KJUVEv4ravHwvSYsvwWzLifi6iU75Lu1ecX3m0MuRJ6QZ6nMJy9BLhOJBlMjzAyVXR3h9U4qfRHiiJzxmBf+ChhuobS4QLWkNDBNY0l/j+OMjz9sUG80+Id/+Ecmkxn7+/sADIdDXrx4ged5hGF4Zb7JQsRYsBCeyFuHF6OYpRGxtr6GZZm8ePGCOM4bsHZ2dxiEmq+/+ZqS79NsNvnFL36BaUhGwyGHR8dYVj7SeTgcYZoGYRRzftGl1qhSrdYYDgfEqWJvc4Nvjp4BmjiSnJ6e0G42WFtr88XTI968ecP2zjZra2t8+eXnXHQv8EWZcrmCYZi4bq7+cfvObV6fvcEr+Zyfn+G4Lt1ulzCY4fkd2q02tVqJn/3sl8TxiCSN6TTrKKW5tbeN5xmE4ZzPv3xCvXrOxXmGX65yct7n4eO7CJHy6vCIreoWSghOznrMpiHVRptub8B8OGF3d495MCFNQ2bzmL/7u19yca/Bo4f38rYFYTEYDGjUW1RbdwiS3HPmawQqbokH/n1ODl/gOj6bmxu01zbB8Mm0lYfFl5W6JVPjUoxav9X4dLNHEUv96EueolxGWuK9MO+1KOjdFpkP3sSYIOwQnSocx8FzXbQKwVBgN1BZnmQv6hpZli1RohscV3FszcVFf2kAvu/jui5KKS4uLpYzChfKJ1or/FKFRqO53EWGw+FyJHQURcudflHVTdM8RhZCkKQ5nTwIAsIw5PPPPy8M0+LT3/tjRuMxBwcHXFxc4Ps+1WoNq2Lz5dffsr21xfq6xWg0IIoUd9pbnJwPSNM8HPziiy+oNxq4JnTfdHn8+BYPH+7x+rXMJ+hKcOvrGI7DixevyJRkEmv+6m9/RZJO2L/1gCAMGfUDZtOEW7v38GVOEByP+1iWmVfCm01azTWq9TpZqghmMfNpTKvZYJIZuL7P1988J0w0Jc9gOJ6RzQM+uLtNGERobfDi1QnzqcedvQ6b62XOu6d4nkccpSgVAxblepM4TdnYcrlbraGQfPDYJpnHBOEcITKUToiiOZ21FnE0II4VfsnFcT0sD2KVEk0HhPMQSxnITOC4JQI9Q5gpt/b28KptjEobu9oEUyJkhiFkEX6bxZjuhVHId6jnvLsOstgYRWEp+tJu3mbz/tN7/kwwe+AN0CF49Trr6+tkWVqg1JsoleH7/nJiVBiGzGazlek+i+akq5eVN+znonPd7kU+1FIIDg8PCcOcOWoYl0ze2WwKrPHZZ58RBAGvX79eep5Wq7WU7iyXyzltI4qKinU+E+Ts7A2yGPri+35urdLg9evXzObzonU3b1k9Ojri9uMf8Kd/+lOyNC063yR+ySEMc3G7yWTC7dt7zOdzeoMhO02f/ZZFw0rZrbtsVe/SMCLScEp54w5vXr9gmAq0snh5NmIUaeo2PLy/gWDC/t5tjo+GWKbDbNLD8zx6vR7r6+vcuXOH0WjEo4efkCnNl198wdb2Vv6EDJ+f/fXfUV/bwvU8fM9kMByRpAq/7nN6elJMx4KKX+Xxg8e8fPGUKHrN7u4tdrc38VwPz/cwDROn4hGNx/gVizgeY0hJkmpGwykXFz2iKMD3PYJwzqjfY21rA8t2OTufUqrmQ3hMy8L0XFytmB5cIIOMib4g0BrpCrZu75O4gnZnB6veRJgaqfLpyiybnPK2VVHwrt72HPoKF/CmcRr6ej/4opdD/DPFq3Ux+izLioNoO/coyizCrYJVqeOlkPQCibqukSuNfDioUFxxk5988vFSwHowGC7FlRf06qIpEMh7UhaCd4ti4kI6ZtmyW4hrf/nll4AuJumWAY1hgGEaiOLvFhpNWaZ4eTZCSkmpVGJra4vpdMrJyQmDwYDP/uDHDPo9ut0u/f6QP/3Tn/DlNy/odgf87G//kXa7yf3793j95hDTlPzJn35GpdpgMB6Dhs2NTbxyhWevuoyHQ7Ik4fjoiHA+I3RMgkwzHo+wHZs4jmg06oSFXlQQBDQaDXZ2dlhfX+f58+dEUcjf/t3PEUJgOzaO6/D5b38DGVRck/55F1tqTDRbW20sAY6bS5YeHBygsoxf//rX2Lak2Wjw2WefkaYps9mMTGWkaczrg6/Z2Nig3W4zHgfYrksYBkhzjlfSSMPmzZtjDOlhW5Lz/jNc1ybL8ghja3MzF7+2FY1mnerGLjIVjCczjDilVJZcXFwQjlI++5N/iyGNfI7YKkAkcvbEssdJX2+j5Tt6kgQ3T0QQy45S859jHI7jYNkmWWJg2+ESbluIflHoSy3CImcxofWGeSDT6TQfO50qvJU7sJi6mucRo7cqpbnXyDAMqFZ9Go0Grusyn8/zmXpJsuxZUEotE/XpdMJ0mvdUb26BzhRKyLwTMI6XA3QWcenG5gYnJ6ccHx9zcXHB+vo6jx4+5MmbM/7qv/0VP/j0EzY3Nzg6OgJyAbTj0x5ZFvLb3/6Wo8MulVqZR/v7+bSnIKDk+7RabboXXeLBlCx1GRX6XpPpjHkQ4bshVSuXGbroXtDv9ZeDVXXkkiQJnudRq9UK9XpJvz9AaU2rQPqqlSrPX7zgp3/+r3jx6oBmxcN1BPWSxd279yh7DmvtZj5NOMt48OABaaZot2vcu7vLF198xWSSN4rt7OySqYhKzcH1JaPxOXGS4JUkipD2Whm/5HB8NMBxPL7+8hWeW+fBx3kxsFqukIQh2+1tqqUKiavIpEZYEkNa4FfxMwHphHTaZ2fnFmAQhQnCNLGlgSHf5lOJa1OL30eYvZqcX06WWvKyCksT+p/oQRaV5DzcqJOlEm0HKNUtQqpLkQXXddna3FyKgi00VhenLYUgTlPOTk9RhUJKW+diCbroB7kunL3Au7UGw4BuN8P3NXfvttjbu4Nt23S7XaTM53w8ffp0WYn3PK+ok0zo9+f0+wFSnubNT5aNV19bipg9ffr0Uv293MYwTLa3twmCAMMwl2qH/eGY7sUFx8cn3Lp1i7Ozc6JU4TiCLNUcHBwRhim1ZqWgzftI02JzY4Nut4tpSGbTKSEwGg44OT3DcRzMWAKSSqVOp9Pm6dOn3Lt3L5dH1ZrtnR1m0wn9fq6LvLmZ0zZ+9ve/Zntnh8lkgud5vHnzhs7aGq4JexsNKrbi+OSY+w/vUq1WmAc5vWY8HnPr1h5KKW7fvo0hFU+fPsUwTFqtFrPZjIM3b6jWy5TKJQb9MfV6nVqtiud6lLwK8/mcQf+Co6Nj7uw/5g//4Kc5pchNAEUWxNiOzS9/9jPCyYz2TpvG5hrzJEVJgyhIGPZG6GTKLJzz5+v38NwSQuRqB1mmyNLsykDOd6r2r0RMi5nqV2WbFoVBsQSkxGIIE+K7ZX/ep3SyCGVyZErnY6tuer/IZ6Nni/qHzGdea0OQFdQrlXck5T5S5UYkCj3dBRR7lW8lMU2xdK/5uUCWXQ4YXXQkrnaSLXqktc47ARffeYgnicKEs1eH3L+/z9raOgcHB0XfhywIlVlOQ5CSfr/H6ekJuDU+/PgTXNfl9PSUi4sLvv76GUgDv2QzmSUEQcLWlo/v2vQuLjBTn3ZnfQkQWIYkzky64x5vDs/yqnwwRxgm9+7fxdcRJydn/MVf/Gu++eYbJpMpP/jBp0x7p3z1VQ7/Pnz4kNlsxsnJCe12i1K5TBCEvHzxEr9UwvdK7N/aJYtD/vIvX1JxbU4PXiK3NskwefZ8SLnk85vffMEnn3zEnTt3+M2v/4GtrSZbW9t8/fXXS+i7UqkQzAIMQxJYEtf2yRKHII7xnA6PH27x+NGPSJOM6XRGpmMOzo745qsv6R6dsFZtsVarkcwDkp5iokOGKgHHo1KqUnUFxxdDMtNmY30L23HBtDFMmU8DQ721Bhfo5jupJdeoS8tUY0FUXJpQ0TiF/t0NZDmHvJiNvQh9FvP/bpy7EWdYgwCZl8+Xk0/tOKESF6TFFCqRRmkwEXiuh4lAAZOC/nJdr3c4SkliRb1u0WyWcBy9nOO+uHmu61IqlVhbWyOKoqUyShRl9PshQQBg4Pk+Ak2mM2a9eaHqV0isqnwEml2rgsg9297eHqenp7x584buZML/8f/0f+Z//B/+3VKSdH29yZuzKVJbxFJTbrsM5zHGPKPi5szgzvrGMoyTwiSNI6LplGgWYtkmKk2pN1we3t3jyee/ZGPzU2r1Emdnh/zhH/0RJd/lxddnRbEzoVavkSZ5SPjN8zcMhiOiKCBTKWaiefDoHiRz4ukIlWh+/Y8v2L/dZDYPUMLFtT2efvsc13M4OHxNueLx+IOHvH71lDhO6HQ6fPbZZ7RaLc7Pz+n1oNVsUq/XMUwT0zAwTZeSXyOKIi66Z7w5eEUUBURxQCIEtWoFB8nw5AyzUaO51iKLQyyt6NRqjOMIHQdYQtFpNzkbz6jWKpiGQawUQuXViUWT3KKzc4FGCnkpbo5+V4i1KvGjl8yQnNak32Krm+9ip7wrrGo0GlSLvoRL2U/jSj604NZrQ2KMAkovD0kXk0MvB8NRJ2+aTxLw+gKtNNIQbN/aQBZu8+WLF4UUpVwpVgrevIlp1EWhqOETxzFaw8XFxZWi5uLbdd2iD8VkOBzx7bddpIRWy2F7exutNNUgJFBnJEm2bB5aXFhWDLQBODg4YDgcMp/PqVab/OSP/5jf/Oa3GIZBtVpjrd3gNDmhGwnMqiZxHCzT4iwFfd7nj+42kUIWzUJVHNsm6vVpWwl3OzbdXoxrw17boywDOhs+u3sN4njM7/3oIe01l2+/fYJlWezv7/Pq1WsO3hzw8OEDgiDg7OyCNMtwPVAE1FsNnPIMFfUYnBxzcvCau3c7tDZ2OL7o0axXcaTPxx/9gDgNmUx6xMkYpS18v7QEK3I51D6gePBwN589X64UDVAGg8GQ4+6IIAzxPI9b9/aXa+Tl0yPCwRnRfEKp3OTguEvZ81jfWic1fSpmCd+roqVgHoZYJQe/3cJ2TKIoxPKcleBdo9TVZwyQ6px2ItR3CR6uwLwFgiW0uIp2FZHDFQNRxSxsdR0lu9Zcsjor/UqLo1odkXBpCNoQOdXpykiExYwBgc5EfnFoJMVYrJUkPJfZkVcQhzu3HXZ2tvnkkx9wdHTEeDzBsqwrcWleK8lnZtTrNdbW1sgyRaXi8OBBrn7iOE4xK1EURUxdFDkv3bHSmovuxbL1dVFEvL2/zyQ1MB2X9fU1jo9PmM2mWAYkcYwhHISAMAiImBMrwXbDJIpiZvP5kvqyMGDLcVlbb4HoUip53L13h+ksoNFsEgQhr169xrJM3hwcMplMmU6mS7XH/f19kiTvs9nYWGc8mVCtOZxfHLK+vsn62jppPydd/smf/4SL0ZxprNi6dZs0TJnP59hOia++ecWf/OQT7t7f4dnTZ+zs7PLs2TPG4zG+7xOGEX/w49/Hth2SJOX4+IThcLBs1zZtH8/zSKMwF9WTeVa6sd7ElIo4HPP6xUvWWx0qzUYuYm0IlATHtqg1G0jT4PnL19Qba9huiXkQ4giPku8hpEDpqyM3ls1Nxaaqlb42MfYdZqLfVlpcLRi+5UEc28aQslCGWKmavKcra2GJpmFgOA7KMIrQSy/jvpumH2itiJPLhblQjL9eXU/TjDRVyx2DYo7H/v4t7t69y8bGBsPhEMdxsG27mMuXu9zt7W0ePHgA5DL64/F4uRi3Voh8hmFgGJIkUxiGxC4+az6f53Qbw2Bra3c5qu3TTz9lVIxldmPBQSEhZFkmYRgxHI5IkhRlWEA+GDOOI6JEoapllMrQSi3rM47j4PsljMGYaqXCyekEjcPdO3foDfvU2jm15eKiy507d3j16hXj8YRoGlGr1nj4yUPOzs6oVCq5+mC9QWdtjUwHKB2isjz0Mp0Sg+mAo+6A8+GUwSwhFSY1xyObzTg5O+Df/ZufMpsN+cUv/p5qpcyL588ZDAd88MEHVKvVApip0eudMRgMODw8XArF2bZNyYV4PiUzjHx4qOczD2aYBjQaPvaju7Q7TUbDMbMspeI6xFlK2TLxSiVmUYhIBPcff0C5uUWl3qLWaBHFmiAIcWwTYYi30MxFN7gQAmGI9ybtXBNTFEty4tuSi1cMZGNjo+ChaL4dWOhEI8Q7apMrs9zSTFGvVmlt7pKlsnCB6p1WvOBGHR4d5RMcLJPdnd1L7a23CGf6mgSpXkrvfPvttxiGwd7eHoZhcH5+znA4XNLiwzC8ktzfBFVvbm4iBIwmM3rTmLW1NRqNBoeHh8ubf3R8tPRg/X6fWr1Oq9kkMSCJEybjEUrlVJovv+4ydX20A1rlmlxxlGt3XfRComYHwzAKKc1GDiggOTw5YzaLGI/mKBXzxRdf8sFHj+n2jotpuPtUKhWm0wnBfA5a0FnrcHR0xMbGBqPRaElsHE/GfPPtN9SbHqZpYRoGcwXCqTAOz/n82wN2b9+jUqtz8vwFu80q7VqDJ0+e0r044dbeRh5uS8Enn3zC/fv36ff7CCH4/PMvePrsK9bW1rAsi3hFkHo6HhDHMb7nUfU7CJWQhnNs18LwJWBTru2BtJhMQobdE/rnPZQpyUxJqVLB8R2UYeHVOmA6CMPC8yUiU2RZQsblKPBLpfarHYTXf15dszmUezntrJBWvOIPRCFfZb6r0+rSMvWV8WXXB3X+c76MIgyTusChF8oU8vKzHzy4nydgYnXXUHieu8yDLotFuUGbZh6SZZnKZ3VfGczIW6FiHh7mdZrt7Z2lYd25cydHvrKUX397QJblYWWlUqFey0mGNbfG2UWParWC1hq/VKZa7vL1RcwoyWdtZ0ohDYlXrlEqsUzOTdPEtm0GgwHzIKLRbDKZTGk08vOP4pgwChkMh3z04Ufs3rpFv9fD90scHh7T9jukaYrnecvwMkkSDo+O+Ptf/opG06FcyQeFxnGEkhX8ehvDPUVYFi+PuwyevYHJDDdN8Eo2UZQgpEEYBty5c5u9nT0AXr16TRDMOT4+QZNx5+4d2q02g6LFtlQqMZ/PqNgm9YrPPJgzGffxPI+tzQ5apszDEC0d5pEizjISy8D2fapCM5nP8OIqVpYwG85p2HX8WhPLK5FqsARIQyAwcvTzdyAjrqYDS7ZvvtCWP8vlAJ1LgUT5PqqJaRpYWBjFHPPFCS2Kb4uq9KJcr5QiTRKyNI8pDSnfOQZBFPBvZORvUAbExkrakqSFVYtidxfL2H/VA+VNS5L5PAIUlUqlQKhyCNLzbMplb4mTLyRUV0GHBYystMa2bNbXyxweHtLtdpddfZmSaK+6PP8gCIiiiPk8QGcW/+bf/Bt+8fOf5/M5treROuP1pMssTZFoVBxjCUl7o8OtNZuNhmR7ZxspJb1eLxeQ9nyCVFEu+aRZruBSq1YAwe7WNiXf5+LsjPF4Qsnz2OissV7fJJgHfPzJx/T7ffb29uj1evziV/+NaqXMdDrmw4/uEScxk8kE363z+uiAX3/5jNFMMZpdUK7XsByb4WRMfVple7tDHZ92p87u9i7Pnz/n5z//OR999CHtdptOp43nOTi2oOR5ZGnKkyffMhgOuX17n93OJmmSUCnnMqe2aSGRRGmElNBo1pifDjFtk3HvAjNNMEyDjXYHLQRhnNDZaLG9f5t6aw1hWGSpQhoCKYrFvOI1vo+hLCKH1clnq8omGkUmCi3fheRTEXqZ7wrN1tfWKRtlTKE5OTnNlciLB9rv98myLKcm16sImY/FmkQHZKmkXq/l4tD6bcG4RawYGfBNJ//ZMmHa1rmQdJJR/s3Rku6++tdbW1s4jnMlvjRNk9/85lcoFfFnf/ZTDCPPA2zbIo5zw9nf36NUKi3HfK1SXfLfVTEzW6GBnZ2dfKTyy5cFfWSG11ZLJK3b7dJsNul0OmzsP2TQ79Nutzk/P8/HMwuDppVQLqdMJ3OUMjBMzV4loe7YmLaznIdo23njlmnk3YevVMpkEuaYvyHxbIeyaTJ4dZyPYtMalWV03DyXqTfqKKU4PT1lby/nfLVaTQajMU9fTPg0DPnB7/2Q6WzA8OKEp0+f8PJsguWv8dGjDZLTV8S+xdSAw8EYw/fY6jTY3bzDl59/w9Nn37C1tcVsHpOenqE1TEcDHt9aQ4QBOoxJgoROZ5tKpc3z10dMRmPa7XWSNEOKAK16VFq5ByiXoFOrMhrO2Cp5JL7As13SIGMWRjQqFcyaj93s4JbXsC0X0wQhVFG0MqBomstH7hXVC8E75sDkxbb8mV8Ps/ViH75k8F7Jsb9jTroUMrfa7zMW4T0NK99FFtbissURsTKYptjZryRjK+jWYrHfv3+L8XjC06dPOT0dMZnEOE7G+fmYND3l4uKce/fu5+LIwGQy4ezsbMkQ3tjYQCuFEqCkApVTOf70T/+Ubvecs/NzDnvzJXqy2MH6/T52tU+tkSt27O/v8/z5cybjMYYhEYUjrFZdhMgY9AfUHYG/1cIpRkp7nkfJ91FCctYfkqaK7a1yUeiENEmYBjkTeXtrC4DDgwMODg5obuxy7959xuMxjx8/5s2bN/zt3/4tw6mi2+vTbtmUyqWC0GnwzZPPGQ6HbG1ukIoqxyfHGOMh6zsdDEuShnmhsVOvoLRatgvcv3+f+Tyk1+vy288/Z73VJNmoY7l5Z9/jDx4zCWLCKEGKOuVyCY1Jo+lRKruE0ZwwnlLyyriuS5qkmIbg9u1bhGlI9/QMITVbW2uUOm08t4Jt5aMZbNtcAWjebu1eBUf1+zLxlXHQVzArcal3La6jt+8jK2ZKkZHdOIn2xhxkub5/xzmEizgxyydtiqV3uBpWrSZbopjatAj91tdzIYVf/OIfCEOJ7/vM5wnb2zV2dzvs7t7C8zxms1meSE6nPH36tOgyXOP27TukaYwWBlI6y2MtYOLxeEqj2V5Cf0qpYtLsAGc4YDdNqFUr7Ozs8M033zCdzfIiVmH3k0mIaQpu391mba21FHAOw5B+v58nuaXysudla2uLXq/H4eERWqU0fYvbt28vuxylYaI0OK6zJG/6vs+rVy85Px+QiVwFsdH02NvbYzgYYrsmUhgEQcxoNqY/GVEyBOuOl2tZpVCxLOqNKkIIfvnLX7K21uTjjz+i1+vx6tUrBoMBf/Inf0I0myAK9K9er/Hs5RsMx6c3GNM9jkjTkFrDodl2cTxNq10hSTTBLEarOZZl47gW590jbK+E57ukMsQwNZPxFFGqEgYZ590zmo0avl96Z3fgtcaL7xjEdFUGSItLsqIQeimFKPRlV7n5rkV7dnbGMB1ginyC7PeZE/JP48rnaoWHR4fLaVUPtEKK/AI2NzeX4wpWd4ByuXxFsHpjY5P/6X/6Hzk7O2E0GgDQarVptTporZetwlmWUa1W+fDDD5dtvK7nkqUGpuXiN9eXOc6rV68olUr4fonErhSUE8Xp6Rm1Wo2NjQ1i6dIrFnm73eYnP/kJtmVxeHLG4fFJ3pbrWFTKZR7cf8CdrRZGMmNjY4Nnz55hWRbBPKeVJHGc98FbVtFebBJFEX6rukTo4jhiMpnRaXeo1WpLOdTF9SmlePzxA9Is4YMP7xKFEeWqRaPZ4Ec/+oxvX4941u1jWmXKnocnIpIsJtWaUCV0zyO6R294eHePeu0OX3/9Na9fv0ZrqFTKDPoDqiWXUsnn8OiQaZDgeGW6gwHPn7+mXr3L2lqHl6++ZBya3L23SawEpungOHk7c5wMieMor5HM5gz7F6y1qlTsCtowkPi4ThlD5kDLQmjwOsjynYIMxUausrdHgGutl4aQAYbK5UfzjV4vJuu9f056plQe+30fr6CXc3ne6yneRT7OsiwXbFQUs+NY8p6uu8aFGvx17o1hSJrNFrVafXkjVjW0lrB0wYEyDIMwDDnvdtEqw3FLbOw/WOYkRjGUFCFIuRzP8Omnn9Lv9zk8PKTSqVMplymV/GXR7tbeHkGc0R+OqVTz6UlhFCxJjr7lE0VRMaOwyevXr8GwlhJGruvmIdXODrPxiFkx1HM6nbK5ucnnnz/jxz/+AUmacnZ+juu6BEHAyckZrmNRLnm4fgvP84iSCfVah3K5xFe9l5ycDNA6w5BGXs2PEyIZU27XafguWTQn0Tm15MMPP6Tby/vYDw4Ol60DhmEyHA5p1BvUmibzOCNWggcPLBx/jW+efI3pOiBtDKvB6zc90smUWzvblCsezWaT6XRIf9BlNpjgOTZpGjCfD0ltGyYJo+EMvxKRZe6yt34BCl0lHOqVUtu7Qvx39KSj8mqdFldyEi3EpfSofgfBcIFO3Uw8udkTXIeAV5VKVyV8Fr8LfZlXCSFzhGI5d1Mv1e1u2hlms9my/31xwUmSsr+/t8w1ut1uzpZdmWO4QK5qtdpS8nJnZxeVpUjLxq60loZ1enpaQN0Cw5YLtSQmk1zv6oc/+AHDCCzHy5XMCw+wtbVFtzfAP/GIQh+75lCtltm7dYt2u0Uy6RHHCYPBAMuyqFYqZFpzdnZGrVZdVuoty6LdbtEu52Owd3a2ef78DaNR3tm4uX+Pw4NDtre2eP78Jf/4j1/TapUYDAbUANd1qTVc4iTmb/76b/ib//JrklQhpIk0cx5To9FAliTr927TKrm8ev6E1u4Gd+/e5fDwkEzF3N6/zcOHDxmPx7w5OOD85JAff3SPSqPJJIjpj7psbKxTT1KG84DP/uATzs66ZKng8GjA11895f5OkzCMqdYqZGmK6zncbd5mNhfMJhPqNUkYR5z1TugYW0Rhwmw2Ww4s8jzvLdXEhccUhbaVfqdnETeqmijy9lqp9UI7bmUOTl4RNJ+0b47XojGI7zF8UyBQmaJRrdJY213CvJlSGAgmDnzVeasAgpjC4wOWM8lzqcrcHM3tS2NaLO7rIEGj0XhrTqFpmrx69YpXr17x8ccf02q1SNOUo6MjRqPRFe+z6PmwbZutrU3SNCHJNBeTYAkNLnKBwXCIaVeWJLiFHlcQzDHLbVzXwSkauMIwxHE99psOA2tCEnRxlM2f/Ogu66WY6dlrvEqDOI7y8CoIWF/f4NXBcyp1hcpMgiBgbbOR96NkgiRO6ax1SJOYly+f02h4WHZeuc91iiO63QsE/x/i/qvJsixNz8Setbbe+2jh2j10ZFZmZVW1qEY30GwAA3JgA9JoHJJGI+9wT+N/mHv+hRmz4Q1vyaENCRAcEAPV6O7q7hJZqTOku4fLo9WWa/Fi7bP9eIRHVlY3OONmYRUZ5fL4XuL7vvd9Xk273WQ5fsFOR+EUY+JBzFJr2nbEB08+YskZV69GeJHDcj5knmt+sv8BW00f0PTqDR7eP8T361xenBI4iuV4Sn9ri2S1ohXWqPser8cjvNUSPwjw6y4XV6+YTqb029vUAo+FrVGORbPR5cc/+t8Q+Baj4RV2GDFfDAl9c6WcTVZkccbxYM4yVshoG8fShKFLrd7A9/3q1F8vlk15STUQLIGI1QDwPRvr5sdZ6Nv4Ki3LunFNWtTYqX1H0S/fw6f+jvuVlBLbcd7xBSsBhf3WVcwCW0I9FyihcYQgEjeydm3/Zi/82372dYE7m80qTOn6eraegWy+UGtpRFEUPHv+nCLPcP2Q3v6DivrRaDTKDpDNNBcVImY+n1fwif1HJg5hfRQWRYGQFq16xNHeDq5t0Ww02Oq08WwBdoDtmYz0TqfDarVkNBzy+NEjnp+YcJxGs0GWJRRFjoXFapXz4sULHMdhb2+ber1RwusUvm++v6JI6G/VWS5jmjWHo8M9aoGP02wQRTW+/OIzPv/1rzg+T9GFy2oxYacV0QxzdBGjVcpyueDRgwPieMm/+9N/h1QZj+/v0Wq1GY9GCMB1XRwvItM1BoMBcSxotVr0OhHtxhbpckEar3Adh/OrAUcPn5BmCX/+F78k9CUfffiIbruLLQqm4ysatRqjZIzvhdiORSIdxqMhq9WyUu0GQVA1a6oT460FshnF8ZvqkrfYcFVKGqWC/KYzprHFXXgq/f08Id+7Dn9LNbL+b4XpHJjgBHWjifken/qupsG6ZjDEE/ludvqmALHslsVxzMsXLwzoTgn+6tdf35KgXF1dcXU9YKGCai4TRX719edffUVUPyeKQg4PD/F9nzjNCMOIw6N7bO3ss7u3i1aaIs9oNjoscs2ohEfU6nU816dQBZZls7uzx2Q6YTgcGn2Z7aILM6mez+dl27hBkqb0Wi3iOGY+nxNFNebzBVEU8bs/eUwQhKhSjFkUOWEUcbS/TawXpMMY6bt06iHLwQnTwKKQmq1+n1YnwnXatLsNHCkIHRvX8zg5PmYwGBjOgLRxgxatVovL8yGrBYRhxMXFGYvZBffu3y+Lcp+TkxM+++IrTk/O+P3f/YSigMH1iMCTDIdjLi9fUY/quJaFsHzSPCWfTBkMBuzGMc16vao3bduurlXvb+e+f1Hc1XldI0b1BrxBlLWJxvrt/CBKKXq9HmEYVrusUgXScphNpyzzY1RuUW/UaLfbd/8gwsw2PMdh/2C/PNI2DC1/Cwvw2q8ym8/5xS9+UXWt4jiuAG7Hx8fVdWvtGTGEkwIhHRzHYzgc8Pr1a/78zz9lsciIE+gddpElHGJrq0sUhbx6dUxuv8EPI+7fv08cxxweHmC7BhfUqNdZxglRGOJ6HirPKWyfIjNZGcZ9N6LX7XE9GpJkCV89/wrP96rZxcnxCcko4eDwACklnueR55kpsqVEac1iseDp06dMp1Pq9Qbb29t4noXvB9XJ6boen3z4lEX8NZNMMYsTZoM5h5HNh08f0N4/oN00KCLHdWjHdYZXA375V78gzdLKHzOdxkhpUnRnszm27TKZzCgKzf7+IZboIITk1ekZSaERtsePf/wJT598yHa/y9XlEElKpxUCNo7rMRqP8CybQttYtW26W1E5ENbEyU1O5noTfPtBl1J+l672lkn9HWtuCR6nch3qkrIp1mTF7x+yub7nr6fZlRgMkx6UJwlFLgly/50kqbct9LLEhurvyVD9XgPH8uupoqh86KK8YknLwrJtikKRJMktXGqe5yVZ0SV3Ii4uLri+StAami2bo2aD5u4hQkiUKkgS4z1JkoQvvxmghWCxWCKkYD6b8cd/8vf5R7/3Ie1wm8FwRJoZMZ/lOiyWK0bTJfFqVZ10htySMxqNePL0KavlkpevXtLv92m1W9z/4D5nZ2cmUKdWAwSdbgfXcYhXKzqdDp7nMR6PjdQ8zwhDtwIt+L5Pt9vFx+LZyzdk377BdwIeHmzz+w/73Ht8hGw2cSybVjsiyzMWy5jF4oYB4HkezWaT66srrgbn1FozwjCg3elgOZoglNRqNu3GLrbrMpjMWA0naJ0xGI3otncYDiYcv/6Wo/0teu0m7VaPWq3N2ekpF2dvcL06tbogiiKazSaNRh3f8251Mu8SnW7Kl+6ckei7RxRS3PExWpapBmWRvo5Su/Wk3YEGfVtevPaWrz+pFqYFpTcm3FXe+FtrUJU2W630b2wCfF/RoxACS0gsbfLaLWlVxL0chYXCkRpbKCxhclAtSxLHBaenE9AgHYEXTTi/yBmNBI2G5vDDHh99/AnXS02hjVfk7OwMlMaRktVSk2vNdDxmZ2cXWRP8d//iX/LsZ/+e/8N//o/p9rdNelYpiHQdx8xwAKekrayWK4bDAbs72+S5YjIds1wuGE8cHt9/hE4V11fX1Ot1At8niWMG19csUl3S5ycsFgt6vR5PnjxBlXMfQ5w0g9E0y+g1a9zf36b99RvmmSaLl8TzCcvFFOlZtBtNFDlSaiwbolrAwcEBtVrEcDRiMh7T7fbo9Dr0DzrUa3VOTk7Y2tpia3ub1XLJV19/hesFSCnpb/U5uxyQJCnn55f4rkuW5liWTb3WoBa5aCFwbIso8IkTTW7bxEnCfL5gOpni2Da1cpEY74z1/pm52LBYbLRQb4By79yJqqrlxt2hK1avoZqsfvSej52UOYTivTWACZGZgXJp9Gc0fHnrVCkkNBLYnZm/b34mqflbLw4DN5V8lg25UEscYZEGKbkjESJH5HuQ7yJkwVeLhNmbCaviEYFXYzt+iRA2ywSOzwWHfY3bkFzv1klbCZPznD/+z/6ARjtkGNYYDFZlqq3k4Onv8eLFc75+vmARNrEti0kQUmsKLCenfSD49stL/ut//i/43/3v/5dYlkMkU4JaAKnEShPs0jN/enpq5PpHjxnPZ1xfX9OsH6C2IjqdDsIK+MWLX9DcNe3nNMsRgc0szYjKnPWzszN2dnZKyb9NvIpJ4gXD4ajSjK3iJcgd6sEW//gPfocXr17Q7zV5+OCA7tYWe48e0u92Wa5WZrIvLZpeg2Z9ievY2IHPKl7x6OEj4tjEMIdhhKVNh+n42QsAeq06luPiJzleWGd3Z4fnL18TxzHj8QhhFeQocmFxOVkRWYJA2vjCZjC9JrE1uXNOd/CGoycPCJsNHD/EBiwKIEdveAtvXZk2JEqbZigt1B2sLFHN7sSG/sNos2RV0djk7ffM5eeYJNu7C531tHm1XIHOCarMEH37AVbQTCC/YxGrv+0CWSfNqoTzYokrLHOaugJpaeaDnPkgwXFhNJpydXmJtgMO7IJdx5wvtoBOQ7O359E42uLaVZwPJkR7Pr0nO4b2keWsLI0SGik1qW+xcgSi4WFFdWzbg8CmttVmmUyxffjhHzzk0//wnH/zsz/nD376U5JY0/AkbmGblnJuThVTy1lMJzNOz65ot1v0e9sksWJwPcVbxOzfPyJJTLzZPF0hhGBvd483L9+wv79Pu92urleu69DrtUnTJdPZnDAMkVLS7fZYLuYc3t/CC3M6LcHO7jZb2z2iZhfPD0lWCTpXoKDdaOF7Oa9OL/Fcl7AeEdVrrJKYWr3OdrfJZDpju2+yCKMg4vr6GimgXotw3AJhu/zi15/j+SFHh4c0GnUePXyE0pq//sVnuJ7Pg+023cjF9VzqtQjfCam1ajRqPp4r0RQUJtsASfmMSfvOU6Tq2OrvKmY3LB3rE0frDU+fuJHDC/HWFes9YKF1sb3Zf76lf9Hfvcvn0pwgm+8nvqMr9T432ObXllKW7keJLSQ2AlsL4xkQEse1OB+PeP71gCC0GAxGXF1ekGPhdMB6aJEVEATw+LHHg6Mjtp485LPjZzz7UvH3/0ENnRnnn6UBpRDKWJLPT05RWcG9/T3ySYAqoFl3qEc1XK+Fti2aNHn88B7/+l/9ip2tbQ4PDpjogqbVuKUAaLVaaKX48uuvqLd75HnGaDQkjAKWCwMtiNWcNEk4PzuvPDJb/S2s1BAi14al9YBxuVwSRR5PHj+uLL1RWKPRTFispqTDCXuPtmi123iBh7Iks1Ve/drj2Ji70iyn2WhUDs1lObibz2ZMkjlhGGHbbjXdrtVqNKKQxXxBkivSYollWYzGY0bjJRfnl0RRxIcffsj+7j3GkylxmtO8t4vtmvPhapaSxTMW42vi2YR8tcRzw/I1W7fTv8tH8VuonNaFuQmzud1ipbLciu8QhlDi8ztVYb6GwK0z/ILAB+3iRgVKTe5cukK/pZZ8q/jP85yrq6uqAOt2u3casrzyLrpOVl2uVrhIiqYiCEJ8y+bZ8wvOziZ4vmB65RMnIUlWEIQhTz/8kFxJtq0JefGGopAEvku/v4WUFuPxmMl0ieNAo1kzwaLatJ8bjUa1u5yfn5NlK169vuJ60OTe4QG1mkOj0UDLlHmSU7NqPHnS5OJ6zK9//bnJ6HMd8iKnEdRLQmFOGIZcXl4ay25Ji7m8vMS2bXr9Pu12k5dvDHLVsiyiqEatXiNJU3a2d0yK7GLBJ58YT0gcJ6h8idYZvV6/iolQhSbWS6bZiFqvjl+rYwcN5ilcnV8g7ZAsS5hOpkaCb1lYUhB6Lu12h+FwWH79iCReEdRqvHr12sADyzDOoJz+u57C8S1WmeLg4IAwqnN2PgQEcRyT5RnLxYLhYIDQPoNJA1GkRtauU1S24Oz1t7S7XbZ3D7BlFyms6tn9vmY9vWGCetsJe2tNqRs1RzVmEBqlBTb85qCRIAiq1u6m5NzzPHzfA+2iXe/9St/v8YOYHr+u9El36a+GwyF5aZIajcckaYorJIN8yaWVEToWlxcjLi9iLBtqbo39vR3SLKbT6bCzvUWsJJ30nO4iIdUWtShkd28PlWUshPEsiPCaAACAAElEQVQ9u/7apVgeulLgeX61Rb148YLPP7/g8jxnt9vjenDJ7/z0pzSaHst4gswsgiAkiwu2tyIuLi4ZDoa02m0kpti0bQutjeksSWKiKOLy8ookidne3sayLGazGXmR0mqZlnma5oRhwHw2J/ADMtvDc72qTb1aLdEanLrZTHpleM9qtUKrglWmcWs9mp0O8ylcDm0mw4zL4ZRZ/JLFbIll20RhQL3RZKvbNnHP0iprJri8vOL+vUOKxCzK9Yk1m8+YjidcXV3ieAFbO3sszi65uLig1S6w7Jwf/fhpxQZo90L8UJDlCfMkYbsV0W43cKIZX708NcinwQWjqwsarT5eUP+tjohbszp94zN/X7al+UWrW9A4IRQ22rnzBDEYynxDDixuXYXWA5uiKBAU6ML8KYq1GUn8jWqK74ruffbVN8ynM4QU7O3t0gx9PCF59fqcX41nhDakmQmMWuWw2+nxYP9jVsmcTrvL9lafREm6WYNHy5hUm4dhe2cHS8NIJaivviLPwXHMg1wkhVmUpRjatiVCWFwe5/hNm+l0wmIhiFcx19cz6i2B0qkJdtE5CM1kknF1fcXRgwOkE5WZ3wKtTHQYSFRR4LoOtiVZLpflzGECok5zq8twOERaUKuZNrTrOkS1iEmJY9VKIISNY9ts73bpdZu4nlfiUzW2JQiDHmfDMf/sv/13vHg2ZDUVXF0lzLMhteacra2eAUhEEZ4XQBaz2wq5d/8+7XYL23Y4OjpEaWMlnkwmpGmK53m0mi2Db81ihqMh4+kcJWws22YymVBr2WhrQW+7TtQQDIcjGm0bx22TLBekWUIepziWxLU0o8EFZ8cvaW9/jV/vsnvg4Tnudz5Xd+WkG86cfu/GvSbwCNPU2jhs1mRF/+s76gZNp9uhyJoIaQZRs9ns1hdQylhcwzAgzzS1KCLqbFPkEs9zq6vJ91kUUkp6vd6tE+gdOh7wwkm48mIcS/LV4AJ9bRuR2SjmoxiUgq2tBs1mjSwraDc0TfmKwslwsxHB8IS80DRdTVRv4RaKMAyp1WrYwDKR9PtN+v0pv/70kk7nmL29Pfr9LS7PZ2UMg+Djjz/kiy/OGQ4yur2Ev/tHf8SHH9/j6vqYLLbw5APieYRVCBYTh+kITl/P+OO/u4fnQZpcYXsaZIavMupNxfhkRKOxS7PZ4OzsjDiOS21XSrKSFJlLkXkIIhq1bWwR8ub0EikVrmcxmZ0RRAVH97Y4aPj4LmTJghyLXEtGkxl//uWX/Lu/+gXjUYESTU7OJgwnKTkL6qJg7+MD+r0uy9mYVBu//l/8+kv+X//+Vxzeu8cf/f7v8DCHVmgjXYFfC4hqNZIk4fz8nMAPaPV2CBpdzs4uuLq8xA8j7h0dMRyfMx9OSGcr/MBnt9snzVJT2AO1xi5pEjO+HiC0Io0zLq8ndC5H1C6ukUGTXiMqHZj2u+anO5gDmyEHby+e28ryMjqnchbejChsnNM7+8O1+h6oBlIaPu5isbhVSK9RPUbmrfB8M0haU020vptNpO+YakopK3Xt20X6pnd43rCZuDa+bfPq9ZzVElLgn7RrfLjdZJnntJotoigq7ZgpxcJEOOtEoScaigLZaFGEh5WeSilFUe4kh4e7TEdDvvp6wvPnL6jX6+zt7d8qrNvtDh980OXZs0uePNri8EEDTYzr+qRJhmOFZLFiPpoyuEpIY7i+WKDzGtJfkukJlu2hyHB1juPneL6g1eowm43Jy+g2y5Ls7O7z6vUFvu+zmGZMvBUGGKNpBDVmsyHT2ZjDez2imku9JfDIsbQkzgtSHJ6/ueIvf/5rvjg5xgkb3N/ZJi4CXk+/xLV9XOkyXV7yZhKzd6/BbqeNLRVqNaXTaTH+9Dn/5q+/5Ho046eP9/jBg226B1t4ns94NqXdbtHudnj9+jXLWUYQhARRRLNpFM6rxYyD3UNm0ynz+ZzpcsaUGTs7Ozy+d4/xeITSgqjeZjqPefrkKfNY8OxsznA0ZjZfMJ1MCF0z3bbsu5G072i0Nqbod0GuWfO1KNPM2PyY9Qly5xWrBHIVefWF11Pf97Ox2JDHv/+atMaVrqfYmwvurs+5FqlZQmIpsHKNFBq7MOaqLIejew/44eEeq7wwvonZrJQfSLR0b8kKkAVYbiWEq15MpXEdh+3tXUZ7Q+aLFZeX11xcnFGvNyiKmxqr1Wrx+PETHj58wP7uE+r1FufnZ2RZhue5FDrH9z2evzlhPBmgFMzmMdPZiMBWuNIu4yLKya0WOK5HEPhMJorJZILruszncyaTGTtH91ktV8zmEyxb4vke7XaTKAhZraZYhYl+C0OPWtTA0g55rskKxas3V/zs55+SFILdvX38Zovf++k/4NdfnfDl129QusByXcKawndtHNtiu98nXs6RLtQ8wb3JDuPpgmSV8PVXz0nGA5pvTnn8+AndboeT12ekaUa93mQ6OmMyGVfopU6nQ5IkZFmKF3j84le/YGd7hydPn3B9PaDQAbbjcHx8XGa/SHONReJKhcgWhFZB5JlEMWE52Lbz28esva/hu6agb1J7NiIL7fcn8ogbM/xb9cE7C0NIVssV14NritzC9z1qUXRLAyOlIImTEl1J6XXovfdzrt9Go1EZ2yXIixxKHdD+YRspHOJC4fsW8TImFzCfTs19vfQQrH0EbL4Y3F2oWbZFp90mCE2U82CQ8dVXr6jXm+ztPCFNs0omX6/XKwNRksQVq9i4pI3r8OL8nNksJ8kgzzOm0yn7/RbkukK0pmnCcrlkPp8TBNNKiey6Lh9++CHHJ6emKA8CdnZ2GY0Md6pRb9D0Ao6ODlksI6Qw7kitFdr2ibOcq8mYf/vnPwc3IrMsPA92treRlmS1WjEZj6k3din0nDgG1/NoNJo8/eADkuWcxfiU1RzupQf8+ovXKCVIU5hNU+b5JcPhjO2SIWY7NudnV6BVJUtpt9ul9CXns88+Y3t7myePn5SQCsPzPX79GscxSJskMSCGWi3CcWvs9VtYKmZ28ZpFp40f1kBm6ELhlLCLt69Vd8naEdz9fmsm7xqEUOGEZLUG7NtxCX+DwrqUuq/iFcvBEJVbtNpN6rW6KVLZxJPqjdAb+Ru0Veb9R+OJ8V2XkQRWSVo/OGgThSEZivRiwevBFFyL66vrKnS01+sTRrWSLFiqeN+6k951YtVrdXa2eyTxFednU06Pjwm8XgWymM6mCAxeNFmZ4tj4s1skcUK8mPLtt99wfT0gywV5YeKnkyTFdRyyTCOExrGNi7AWRQR+wXw+p9EwE/TFYs5qVaderzNZxDQaDVrNJmEQsIpjHMfm+Pg1H330hDRNieqGjZUkCYHjkArJn/38M65nMfc/eIyVg+dmZerWa/7Vv/pXXJ6f8Xee/g7STjh9M+fp06eGDB9FhJ7LbPiSQi2p1T1czyGUAduNFjKbkaRzsmzJaPhttSCazSa2pcprq+bs7KyyBO/u7pIkCR988EHpfjxjPB6X6uQmlmVVEL3hcIguFM3AQTqa8dlLlHTIhM/23iFBafZ6u6mz+Uzd+r0K7ry+i3ewDiUPVGDs1Whsy1Z3fLD67SYu7xn+bf4fay/4w4cP0VpXjr23u2MArlAV/TF0IENgCdCFIMkLdF6wyDJEnpNi4pt930E71k0kGwJLKGydIlSBWHtDtNFkrX0ihYnHQghjpFqSsH//Ht2dbeLi3zD4/IpvXp0xWwnu3bvPwwf3SVVOHCdoFL5tBpZCCMaja46Pj/nm2Ssmz4YU04KioOSGGRrgOnNBC0GcJaySBNtzOTw6wrJ2GI+HNBpNLi4u+PLLr2h3uuwc3me1WnF5ecnR0RG97W2yNGOhJgxHE5Isw3Ya5EWB40oSZXF2NeCvfvkp3b0HBPUOeSLwrRmQ8frVa+azOZbtcPz6FVk+wXFzJtMpeZ7z85//NY6A0EtxA4lYFDTqAWJp025vo5c+0+HYRNRJiRQOAhutBNKG66tLWu02YRjS6/fp9/sIjPo7z3Km0ym2bXN4dMR8NsZ1HTzPx/d94zFJYuJ5gg5zur0ew/EV00yQBl2soIGVp4RRRBD4Jqfljsl5Fa/21oN5+yQR1e++dKJzM882U3Z7fFmvPqBWrxkxmFamV/o9FokoYdOB7+M32hS5JAyDO7tYb2N7Wq1WtTAXi4XRb2nBN3ENVXp0TxY1ssyYn4LZGx5HEf2dPjY2emYI8vlkwfUiRdhWiRqVCJUzt5pk7j2wc5IkJV6sKLSgLy0ajSVBGNFoNKrF6UvJUz+qFKTWoxHuxS+4vBwym55ycp0yfzal1bKpRSaI53IZMk8MEvPszRUvXpzx6vWCYKGpCUGjbpccXou8yIknM+wkptZoczUeMXrzBlBIV7CwBii9otF0mc4EepkBK7L5EM+y2O81EekcmUIoJe17HZJkiqVW2Consl3QiiJZ8e3Ll3z9ZsDH+49Y6BVKzYlliuV5tLaaNDtNTk/HZKsM25XMxgPazSbLOMGzLBqtLk13hlrMeZ5mzAuXwLIIfc1Wp8lCtri8uKQoNGmqaMwTwnBOp98iyW3S6yntRoRKEoZnb4hlzvburmmlWgKVFRRpRq/bR+mCxWKJ72eEYY3VKsF2JZla4riC7VqH3GsTCEG+mFMEElUEZFlRWrXN1VkK+9ZOre+Ym9yqXTbCPNcE0XX+4VpuYl+ftqoaJTw6wipFdIjCEBSwvrP9CkalGgYh3X4ftc4lVMpYVEuBjLQMquf169fV9NwcsWY42O/3EcIskF/OmqRaIrTmZGqk4EiLp0P4OKzzo4OPeXN6ymg8xnNdToZThqWT0Az2LERRMLE7LL0PcHTKKJ5wNb1ASY+91YBu8ZL9B09vcuCVwnY9HgdtikWBY9v88O//L/if7Dzi1599zi++Oebyasjrz9/wbQrNpkuv2+RzDrmYZyynE3JVkCYJOgZbFHg2SJHj+BLXsRiOxswHgm2Zs5xfkQxHNHGwpWCSrMhDcH04PX1DuxtQb1lYWuBkC5JFYvi3lsfg5JJut01zNyB1CpJYU3MsQstFFQWr1Yyvv3nO8+ucnUJRuAVNe85KKBIBfqPG7/7+jzl+PSSeTun0Hf7hn/xdnj68z3K1wnYdcicAUrzc5fxyzHAF24FNs6G5t+VxrTqgMyzpMR4tmIznJKucRHqkaUw6nxK6Vyz3E7Z7HbIo58XpS3rtLnmc4UgHS0qWyxjbdZDS4fT0jG63y3KZ0GjVQOT84vNP2d9/hFMTeGGPlnsfKTS6KExoktZYlqp2/FvgEEE147ize7ouSyvFh34rI0SZK9Y6WweZbUjdb7rE66vI5hd5+7/XV5g8VShdgIZCU4a+i3IR3iQ/eZ7HwcFBRci7uLgo4xcEoQ1O+alrniRBU6icAkUqFAmKTBqNl5TmRVpfD6WU1Y9no/Flga0LHHKsIsW2JPF8wbPRMZmwWC5m5nhVCscP6GQCpQrDruq12X/wgObWNq17p1wPBgyHA559e8J4MuNyOCGXEjvOELMx3WaTequG47V52AvQyYyXr95UHvjzi3OuGgVekDKeGehEr9cDVRBnBTqqYUtJo2FCfALLwhI2Xu4iHYc0SUzIkOMS1eokSWwm565vXmMB0rZQieD6coJUgvlkSRZr/HqbeDlBAJZQPH14j4f3tvnlL7/k3v2nfPzhU1aLCa7jEnk2oStIFxnLGF4+e042GxHnDo5/Dzeq8XBrmzoO5+dXKMtCui5BGOKGFjMtePZmgHQddNTjdDWj00x4dP8A14nY7TVxLRtbCJIs43owYHd3F9/3mM1mNBt10kxj2wH1sAVaYcuc66vnHJ/UOfI+wnUjtFbkWU5aZNiWBVJtFNrfr4u1hj1ULteNQ0fpqkhf93/fhfKswcRr0VtlSlIK13XL65LRMWVc0Gj0TBfCdigsCESOHq9Kd8rNN5/nOScnJ2VXJuPho4dVnTGdz0kKsx+cX1zieS7NVscQ+wrF4OqaJI5Ba4o8r0J9LMt8H4vlClsKkjRhOp0hixiEoNffQrgeRTbn5EXOKn/D1eWcKJKoQuF4AaPVTTTBYr6g1+vSbLbpdXvU6w0ODw755IefMJ1OGI/GvJlmLGKjLTo6OmJ7e9uArBG8fv2aqPY5JyfH5FnObDrl+bMpeZQTNdvUazVcx0EXkrofsCwUs/mcIPCZTqcIKUhXKYEOylx2wwc2MLsp3Y5NGAalrbZgtVphS8nVxZLFPCPPNG9OBpydDWlbNUI7wkXi2w62VfAP/t7v0KuH/PHf/yO6/QarZUzgCgJHIvIVaaZ49mLA8ctjVFywtXtIe6tF2IzwRhN2Oy12Wl3Oz6+4vBiQpDmL2QjP9Xny5IjPvz3lrz9/hu1HHDQVvVaXwE3w7RW5bTEeXpNmOdPZnOvra46Ojozn3bGZXs8Yjcb0WwFSK2yZ4QWKs5NvyYXHzk5Cq72F43lIG2xHUlimyWJb9q3O1dt4qFtg9mqgKN5q//L9YqDXBJH3/X8G6uVxfPKG9PRLfu93/5D9/T3qtTrKEthihjpdgiUr5a/WGtuxCYKQr7/5hvOzS3b39nEswSrTXF6MSQrzXV5dXnL//j0e3L/Pk+UYOx5yfX3NJ5/8sLL1TqdTQxPxPD799FOmL17iO+YBP0/eYJOhlIkiUJZDtJzQ9WE4XLKYL+l2XdNKth2uF2lZuAmurgzOptfbovCbtDtdup0OFxcXhGHE/v4hDycDtDIy7FqtVrZ6E05mRiAahiGu6yGFZLlaMREpCyGwvZB6mdWOUqRKkRaGRbZYLGg2GsyXC7I0ZauzVW1Gy+WSnZ1tHMfGsnKKwnS/1sGjtm3z9VfnDAdTamHE8GLC11++5EH7I3a3mqRpSjKfg5PxYL/No8O/R6PRJCsUUSNECEmeLNGZ4Oz0nH/23/2MwcWSB/dafPLhIZ1ek1wWdHc6XF+NWMyXtLdatHodlquYRZFwPZ7Q7nRoNmoMpzFaWkyu3/BXf/kZP/jgEbUffsBWt8NiNuLqekBeqCq1zHFcbFvS7XVI84LlcobrKOIk5d6TBh98+BTR6BOFAbVaHcfzsV0LTdnhfI8TVt+BsBXloXAjjNKVwldjuqXfy5N+l8z97Y6AtCSWsKrJ9PomKNG4QqGEaZ9JYXzUjm0k0nXfYSAVX332S6TQpNpGiQ/BNimFP/jkJzx69IgPfvADPpxnuOkIabucnJxU9UwURdXVzTjpcjKgsAXa9pHSYTqeMLi+IhcOj6KYJ48bpNqcHHFsIG7SsvDKB1EIwWq14pe//BVxnPCD3/97LBZLFvO5MTKVk9q+mCILg5xAz5mMplxdnDFy9lksc2azKbPZlCzLyBRkro0lvaoOWyyXCKVIHRfhOAbGLCVeEJBrRZ7keK6H0orr62uWy2VpuzX4Id/3CIIApQriZEU2SxkOplhWSLPdYX76hhcv3/BF2yOyHtPrtIkcl8VyTpEkBLWA+WRFFHVxLZs0i1FpwnQ24v/+3/wzvj2Z8+hohw8e9Djc6aItIPSQMqVmt0gHE8bjBZPZgqLQTCdzijzFEYrH/YjwsMXF2Rs+Xza4vL7mqj3k2bfPiZcTeu06jx495PjkzYal22K1XFFI2NptYOcBk+sBnu+yHK24Pr+m19ymVguNds22KFR5CxLqVlTH2vkqxFtguPL0MCm3JaRQ3JQauswu1N8Fr/6uxfB2C1drjWPbOF5YIUHn8wXYgtUqZ5yGCC0p8qLygwuRkSQxrydwtvJ4/Xpa1lQWUXcA0lC8D3YO+KDv8EHPYb/Wx0p9hOWYlmxJnF93oRzHod1us1ytCF2LVQyL5BypMnb6Lfof/Zg013StBfesa3QJm3j27BlW2fZdLJeooiAMQ374wx9ydXXF+cUlv/zFLwmjiHq9zsOHD3EcB6U0jxs5kSuRlo1lSfI0ZjmfMhER43HOeDRiOk3ROkPaCXkOQvgIKUnT1CBDtabwFLZlI6WN4wX40kJJG7wAz/dYrVa4rkuz2WS1iomiACHM67BaxhQFKJWRZwXT8Zytep161KUZhTz/9tf85b//OXIV86Of/JBWq0EUtbAdiePZaFnghQ5JknE9mPD82Uv++//+PzAYZDze7/Hx413+8Pc+oN8LESrGtuvosAYZ9Pf3yeUlubTY6m2zHC+4vjij06xR920m1xc0XEWzVUPZDpbtsVxlDAdj2o2QQmv6W1tcX1/hBwFhFKFYcj24QtrQqzdptDs4dg0pJKPBkNXLYzy7gXQaOEikLXFsg4XdbCbdzEnErcVhoNc3gDgzNS8p8AhUeabI32aBfGebVynq9RqN/h4HBweA5uXLV3i+ZDKMeDPewnVhsVhwejo1u0Qcc3J8gm1bCLlTwlbAE4r/LP7SnDoatsYX7A2n7A9nKCySPMeycvI8LyOoC7a2tqpd1bIsdnZ2CIKA5jdfU3/+GZZlUctrdOIrsjwjjOrUW31D5yhuAnaKQrEoYQ9xHPPzn/8cKQTCsg26R5uohHUGu9YaNVG06iG1uqkPFrGAqMd8kHJ1dc31YMBikRGGgjAKsSwjn7dtq0rkBY1UgsAOCfwIOzTwOJELJCZrMfB9Wq1WSRs0XK0wTNFaUuSSySjl4mKCyiXz6ZC6jvmwXed//Qc/4S/6ki+/es6vP3vG84sB94/usbe3S61ex/cDLCfj02+fc3kx4duvTzl/YyQgD/e7/HjP46MfHPLRwz2kneH7AqUFmeizUJrVYkXNa9La63B1dUk6n7G7vWVyHWdzMlljSs40uybVmmevJmh9SKMWIaTNarlkmWTUWy2EbbFMYmrNBm7gcX11yXSZUauFhnWg5mxF+9TDHlmmUdJCOQJRWsOFsO8GgGygPUWJtdVQJhfccBEksrz1yGpR/a0XyHqZFKXrzBTtotrZbSnwbXAsyC2BZ4NtCbAFoWuVJ1Bh/N6AkIpcSYQ0d/hcW0aRimUe1vLPmkby9jR1/e9JHNNotXn49CMcxybLMpI4Qdg+08WSq+svkdZ6bmJkLJbjsb+zjxAmBerk5AStFNKy2X7YxLYdwKra0wBuqKFIyPMcy7JYLlcsZmOKol62nQW+D426b+7MToxW60yLdd6DqiyeGo2QgiAMsGyLNFdMBkMsS1bfr7nCOlhWisACJQijiDy/4vmzExb5iHavRmPbobUl+F/953+X68tH/OU3p3z27Us++8uf8ZmAZjMELckKwXi6Is9zoshmtxfS32nyeHePj/Z2Obp/RLvTQcgcpRIsx2M80+XMU+B5LnmRU280mKVZlZcYlR6i5XyGUAXXl5f4Vsj52Rndts/xmwv6Wz06YY3JZFJmOZpTdTab4noevh+wmM+x7QzXbqJVgRAFRZ6ALnClRAhQKkdKbnUz7yK/b+oEq5PDvIrVXESW/S2l+Y+zQDS6moYayvjNlawoCparFU4OSRnVrI1Ev+oWSGnRqDdQCFxREAQLHFGgtDB3bN8n8M3nXu8Q66J1/TVWq1W1cNa8KCPHD8kyw8FdrZbGMjqfV3l7UpaDzXWbt9upjDWdTqfqaoxiQZKkpGliDEhrqco8YbXwqdWWRFFIkqTMJlMSaWoiKQS+bxPVajQaDUJLANkt85ksuWCqJJmvr4tFYQxShwcHVedwrQGzbUmeTw2IGpvZYsJoNGI4GDK2C6K9gqApUXqAw5IP7nv0937CH/30J5yfnfDixSvevHnDZDJDiQadXodm26XetOhthezut3ly/zEPtx6RZglFkaGygtlszmJ5jfQa5HlRRbBJKRmPRliFKk+3kCiKyLKMvf19Fo5EFWBpH9tyGE2mhA0XN5iz1e9XmrkoiipS/Xw+BwTtTofLiwFhEDCfT2mTs7PdQ6LI0wzLMmSbdT7z7XJA3BoQvh2gI27hR0XJcjCVyK2Eqb9p5qApNgt6W1062w5XV1emGC/lF6t4xenJBNc1dz7LMuagWi3iT/7kTyrwgmM7aCGwdcbBXGDpHA1sbW2xt7fH/v4+JycnZR66rvwjUkrOzs64vLysBoWbkVuz2YwXL15UC2JTc1UURZl4u4cqCrDsjRhgM7NZ63OsTLFYjLi+vjaaIdtGaU0YWkRRSK0WEScJ09mU5WLBqLBIYkmtXsNLM8IyKKfuglAj4iQuJSiaWhSCZREncYVxLcrmQV4ofL9e2mYLslIsmWcaTY5WAr/mUEyX5QaiuZgWWJcxWyfXhJYkyGJaIqDth7T7TR71n/J3Pn7EYrEgTZaMZxbL2KFWt6g3HIJIYjk5zUYLLVOkVeD7NYSwiFcKrRTnZ2dIKXEchxcvjKXAsW3iyZRGo15GRpu89PF4TOhYtGsBw+slsU65HEyZZ0sW8xnJaoXjuuzv75NlmYmLC0N83zMBpLbNwcEBq+WC1XLBxfkxwnU5evIxlmVjYRsvh7z9u7/Bi95NVjSuUWVk77Ichqg1l7dsGui39PJ/W3ibeUhN3JUoOwWFlhSlHslonhRBzeeDH3wMWpNmKS+evzAo0rJ1LEoY6dqz8T734W9a2Jvvt/nibe7gqvzDOiO9strKKn8xzTK63S47OzuV4FIDTjJEUl4ry+msJQWLyYJV4RKGNURN4DoOs8WSZbGiE4hKK7TJWd1UT29yY5VeK4XErQx7KQSrxOQPKiVwHJd6vY7UisuR5OLSouek9PdCpG2TpxPcphlJhY5Ds+liWT7pjmCZFQRegBDWjdtxqSiiBUmaMxpPqQVtFrOEJFaMRiPOz84JIzOf0Vozm07LuImAOI7xfZ/z83Pm8xm2B7XAxeqFpNpGzGyEEzBfmvSsWr3O8fExjx8/Jgwjrq8vGY9HSGmzWMTs7R7gOC5CaLRKWS1nTEYjels+ru+bsFR592Yvb+mvbt98dGmpvvGHrJMHSrKiu9HW/JuqecXG7nYT4mmZFCQLeqHAdjZwRNpGqgW//A//ysxELItOt2N2ap0bQEEJo1uDGtI0fWehbOIo11l/by8oy7IIgoBl+YtYLxTThVKVP2W9o3hBUC2iJEmq7Drbsml3OvS6XUajUcWLXQ3mZFjk2OSi/CMdsnSJ0IparYnjumilWK1mZCKHwHyfUojvoGXqEosJgqL8JReGSL6W1ilJkSqSNAbtE/oeUejRVm3myxVF6rOcwfnZhI7n40cOabyAQjMv7dGO7VDYBdoW6DxiuVDMZzkWIctiwTA5p8gtXCdiNFhQizpE9RqO69Db6lEUBc1Wk/PzC+I0odFs4LoutUYD3/OZzhas4gxRFHRabUS3zmgWM56PuLq8or7fI88VShkw9pvTU3q9Lo3yKpmmGefnl6gCtvp9PM+lUa+x1e+bbPssJ02MD0cKeUO9ehsx+r5nd1NCVYbnGBm8WT7in/7Tf6r/thUI2gH3BXgvqxDPrX6fRBd0V4IH49vYn7LpVlpYSx+TtO68vh0cHNwZgXCnn8OyuLq6YjKZ3DotHMfh9evXfPXV19i2iSszoAP1Dmcvwb1FgF+fFNPcXgtyCMOw+gVkdsQqTpnPZziOS5alTKYznOUVTrFCixvpS6EU7cilGbkUhckpiUpVqrB9Uhz8ksu7LuC1ynG0cW8ul0uWyyV5npHnCpRnJPSuayb/iwXPnn3L64HNKsuoNySH97s8/WAPaefUoya2FSCFy5vTawbXMyxcCsvCCQJWyyXXgwG9bpflcslitaTTb1Ov16v2/Ww6Y2tnC2Urjo+Pq41EK00UhUShAG2RZ6C1w2yyYjye43raeFfKXJc8z3n+/BnLtKDRbPLo/iHtVkC3U2M1m2B7IcIOANNRdByXMPDobB3S2f+Q3t59+gcPcf0aKIGUGtuxqkiMW6pdcWPku8vQd7sEETdBPP8x2rybtdB7Mwp15Ue55fdw1u7C77jifRfE4W275V35dev/NSGb90rgtqquSdXHaW2QmFG96pmvC2atKbtHZjEHQVC1eV3HIU4zsiwr6ePm+/F9n1BYZoC4CdKzNVrpO20C61/c+07ytSNztVqxXC6xpagKWimNCcrzfLa26wzGY5Q2ee8XF0MsuyBtKho1zcsX36CUTZrCajGnt7OHbduEYcie6+J6JqdxPB0znU25urqqoiI8z+X49JRGZ4v5LObV61fkWUa32+PJkx7xaoZtC0ajKUlcMJnMGQ0nBJHNYjml3+9XDZAPPnjCt69OsW2b5XJJveaSJAnbO9uMpyssx2EyGeN5XhVqlKYJSZKgtGEs+2GzUlWt08Q2bwXfBwu0CVBfqz3WzsL/eAvkb0AwydaWW1Hmqn/PxfG2WHIzbWhzQLSek4BJkmq321V35OrqqirUsyz7TjK4bdl88sMfICyrYvPmeY4UgufPnhHWGzx+/JjxeMyobAb4rkfkeBSVm9PIF2yVIHRStXnFWsiJvjUBXlMq1++3ZiHv7OzguobusZxnVXvZcRzmZUhpIAR+BlL4SGGRZxLPrREGDZarpQkEkj5au4RByHA4ZJ6sqEU1Go06qijodDrEaUy712a5XDIYDKrcRmm5eOcL2u02UdBBeQrPrZOlFkHgkcQpnufz9def0ev1ufdgn06nwWg0ZHd3m2azwWg0ZjbLWC7mtFpddna2qdc8otBBIOj3ewwny8o7FIYh4/EIN2zhLuZMJhPq3T3QGsexTQinVpWS43tlampxCzinxY3TEG2iOf5HWSBrbOnZ2Vl1Bdrf3/9e0/t1q+7q6qpq7a6FlFJaXF2Z4s51PS4vL7m+vgag3+9xcLBPluUIIW8lF6VpVuWkp6tV9bUcx4Hy3y8vL6tIuPF4XDYSoNlsIm2X0XDIdDYznbEgwBEaIbKNAtGcr47j4FsSpc3ndxynDPuxcUMjV8/AyEsw9ZlXnhp5bgakQRDgeS7z6bK6UpiJusEF1dqSXHiMRxOmE81Wfw+ha6yWKUqnbPX7zKYJAheB4PL8kma3y2QyqdQJALZrc3p6Srvd5uDggOVySb/f483ZFXFqTuJGo0G9XmO1ivn000/xvBStCoLQp9Np02rX2er3abbqPP3gURWc2u40EbIgOom4ur5mMOhiyQZFBrJZI1+mLOKsPBW9CmRhLLTG2ZkkCas4RvgBnmsjLXmnLErcOsVvrllC6HfrlfVVSK+hDb+9P/A9epPfvsBf/zDv61K9AycWt3va6/TT09NT5rMpjutydXnNeDLDktLQKrTGsgRff33Gv/k3huBSr8PuriTLjP/56OioDIaxcF3vxlO2QajP8qx6TdZGL7RmmlvkSpMXBUrpys2vq4N/45XUN170Gyfb5qXzNtlYQHmVMIYx13UrHFCSpKVMQlSCxZ3dXZbzBSs1xwsUHdlkNFzx+tU5T5/8mNHoNe2OR7PVAr2gXusyGsx48vgJcZGXMxvj6nMcB5UognrAaDQiScww9OjoEGnZvDq9oFBzFAWrOGc4HiJkiu/WCAIPx5PYNoShy3hyhdIJrmuVP4M5fbrdFo1Gg8lkweXlBZbMaDV8dB6D5eHX2tRqNRaLRdna71a2516vV1l187xASrAd607g4HpRVPUFb/MVdAWX0+hN8+13LZDi+wNOkaW56rd724xxfscueYemZvMKtW7D2rbNm7MLjk/O8X2Ly8ucydT8wFt9i62+EQDWag6Hh6bFvLPT4aOPHpLnBUVhBINSWuUJcRs5pMtAlWrqXV7X1kEui+G8oj1KsW5tFwhJpfl5m2NshqSiGpbqsneiEab/vna2CZMfnyQJfhBU9UeWZdV929QfAq0lWilq9Yiw6TJbrRgnKZ1WlzxzmU5imp2QJFlxeX6F7zfo+z69vocX1fn25Qv6/R4gzAzC88h1wXQ5Y7veoFBGRzccjhAC2l1jke202+Yaay05P5uQZj71Rp1et0mrXaNW91A6w7FdGs06eWakI2mW0O93+eEPP+bqasSLFy9ZLkYcHmxz/3AXzzeZiYvFgvF4TBRFrFYBDd+wjQeDAXbUphM18RyHLEvRqHdwQJsnyHph3FxrRVWYI+5EebxvgQjwvwC54E641Z0fUpSoX/W96g/XdUvd1luq4DI8c714Li4uqpbq+fl5NSjc398n8AMCR/J53OXPxtCIXC6m10xnczSCDyn4u15Bd6fLg4/v0et1DfjBsrFtt8IbZZm5CiVZwdlogZTm6jUcDs0CtiyaO43qCP/6669pNBps7+zQygfk2crkEjqKVREzGY9p7x/SbG1RlM2ANE1ZLhbMM8VIlRkXOTi5ReBHOATI3DOxa45DWhEsFY70WAiBUILCskhViqgL8uULQs8njCIWiwXL5RLL8mjlTTp+B9efEhc2iWuzyhfI2EJmPrV2A6UVF5MJAsFWw+GjHx5wfT3g5cuXho4ifNJE0Kht0+91uby85PzNa+bza5qtBrt7e0gpSOcrCpXSCDx0r05UCzk62jKqgTDA9QzOKE0MHzkKQ66vr0mSlHq9xu72Fn/np3/Ir375ayxLcD1K6e5oGj2LwJGorIXAp9Vp4fqKuEiI0wI3CCiA6WJKFPhEQYBS+lY25V0nyHq/klLcaqeLjbpEC71hunvvA5+BTEzi5vc/E36rE2Sz27B5MqxzBtdOxvUPnSSmgyGl5Pj4GCEloSuYLhMK2yVWkqjdIWw2SbTFdjRlb1ewe+8B3W6nZC5ZZeGX3sxKbBspjCFts2Xc7XZZp5oqeZOY9fHHH5vEVctiMtImaVFrgjDAsyU6i3HLRFYqG7As4+egqGygIJVAIckVFEmGFhKExHWtUlBnRsS6FIUmWUaa5uSFMsWphKLIymx30Foh0YS+R7tZZzBPyXKNsMt5kWcoI2u5jG3bnL45odkMSdOMnZ0twjDi5OQ102lGGAmOj18ynUzp9XqsVkvGoyG+b9Hvd4iiANerUaiEvb0+uVbUGzUD/y6vL3mRU6vVyfOCLMtL1rAmjleMxyNarQZHR0fGqqAWvD4+RegEV1h4fhfHdlgslmzv7ZNhvDtJkhDVIoKwgcD8t2077yQf36XHeucarzF2DP0uJ+u7axAtNxhB///pZH1Xh2r9oK4FkLZtkefmWnV6+obxeAZ5wXDVxRINsiRmd2+fXrfDMoOn3jVHWzmHDx9gSclgMLjxrW+2iZU2P+qGqmC9QEzxrrlaFChtHtiiKBgMBlxcXLAdQuBY5EoRhhHK1xTKGJe0ukkqujE/60piLYSoOlx5lhHnCVoVWGUtoLVRn24ym9ZivixLcW0HrRRxnN6Ow3Y0rqdp2D6LIiOJC4SjyYuU2WBJlhlGV5qmRFGdbrdWQjSMr8b3TRNguVK8OZ+yXE559PieOcUvTpBS8PzF1+TqgK2trrFW65SdnSNsL8DzfAPQK0k2pqUuqt+rbds4jiRNYuJkyeefP+PN6TU727v4gcTzQqaTFYHjMJ1dsXdwhEKwmCd0d7Zo9HeNxi5N8XxF4DmgFEWhKsjh21csjX6nuyUqFNTNotDcpBmbCLb/kVq8ruuyvb39jplea82q7CQppfnZz37OcrnCsm5eYCFgtcrwfJ9m2OOg6GMpD50lfPzxR9y/d49ZXPBJbcIntRnK9hEYIdz7wBNSClZJRmoNkWVbdf19mOfaqcz/r1+/Lnvx5nvNY10CnUU5ZzFzkCCMqgaEcRpqsmVKniiUysky06JN04xVssDyjLAyL1vTJsogJbRyHMctBYwF0+kUz3WoNxpMRkPSLKPZbFb5IEFo4bgKT1m4nsYXAi9yWcUFrdYelmUKfqUUX331NctVRLsd4ToecRIzm8346KMf0G7XyAqJZRWEkckBefrBQ7786lsazYh2u06t7hHVPLTOaTRDgqjNahVjWVbVfarX69iWCeWcTqdVw6HVbqOevwCR4fsu5+fneL6F5wtqe9tI4RiCjS1RGFm/Vha+59HtdAmiiEIVKGUZiU/Ztn9bVoTglnHqBiRY1iKyPF+U3Ji8i/c5Cm8DG74/CUt/bwDd+qqyqcjd/FhzHTIP8p/8yd8tW7MCIRwjRtYa29bkRUa6GPLR0X9C2n6ErXOurq6ZTsclVTHF81PiQlQZ3++9HApBoW4EipZlce+e2TWzvODnX71EFTdBQpZlIgECC2yh0NpEDti2g+ua9q2Qsrp0rsWbvueTCcV4OCDLc/r9Pjvb27h+iO2HzOdzFosF5+dnrOIEipxe3cPz1nL6JUVhFm/u2DiuSxhF1aZj0nwTXF+T54pOr8bqeoK0c1zPCP/G4xF5lnFweMiPfvQjxmNDSZlOZ/R6PR48eIhtW5xdXDCeLkmzFatY0O/36XQb1OoBSTJnNB7QbPs0m12imocQ5vfaarZIMzPhH41GXFxcEPg19vcP6Pf7LBaL6qbw4MERo/GEKCh49u0x49GMB48OjIfGjbBsCz8wi1tgk6amcJ8vFoSdbRzbIctzPNsywsWSTLm+Bax/X0LIaoh706F8e8HcLBxR3oHtuwnTwsDjRFEZTd57p9NskBM3+9Dvnwa/jYxc/xDrOuNf/It/WS2KzQiGqlNaKohdzyJ0I6JOhtXQFEqRFpqsgExo8kKZ69OakPS+waO46XKoQpX+AsWbN2fm7+WLLaVVnQhaa6NKbtTwHGO2qtVqxvqrFNqyy4n5OpcCpLSZTkdMY4MubbZa3H9wnyAMiNMcpEO316XVbjOfzUjSlGS1QMcG4GA5Ng8fGTfjeDQiGbyuuoCr1YogCIiiGqGryYoY2wmwhcQPHFKd4rgBtu1UMpuzszOCIOTDH3yI65rX9PXr1ybHRAgur65xgoDHjw3sz/ONt/7gcJs3b1KOTyYIsUMYedTrIZPZxDy4AZUhLAxDEw3nBIxLSmatViPPjUVhvpyxtd3HtmIePDBURUvaeG7A4HpEo1Oj0ZZENZ/Aa+FYrqkjlSJNEyI/xJSAN1couwwiyrLMFOyWAQZW8WrVs6DMhquo2Fq32+0Cm+CXd+ur0iPQ3t2Lo4xabrfb1OqRYWE5b8wfbaynt73A5goTr2IGgwFAJR9QyrTmDg4OqoUTxwlpmiKlYDodo1SB1vDRRx8SRVHVicrynOVcY5/8DH/8OXmW8YNuh3q/Tl4oQkuRafne1oH5WnE5VZckWcF0agZlWZZxenpaTSTOJwkKePL4cXVV8zwPz4qp+SXyxnUrycI8G5IWKwSSQhUIp2B+fcKvLuaM3R3++HCfh4dP2MLHuyrIrIxZvSCbp7hS0u9sUyiFzBXhvNjwroRoDVl3l2T/Aa+OnzGbD3AaEk2C7S7JVQA6wJMukFNYNlmeMYlnKC0IfI9c5ez1m7x4/oLzN894+tGHdLtdVqsVlmVTFDmWtLAKSTJfsbW9TS2qkaQJlxdXuHmdrfohdhYR6BasJC3HI1aK5XSG4zisVkuTiFWrkWUxjVqIFAqhUmwJvivJ5gtkmrDdrZEslySJyzJOcS1Fp9kksAQ1WxCnOZaAemeb2GqgpI9WUCSJiROvWAg3p7WU61GBqOROrD3oa2X0WrWgxcYExDCyDLzamrx7eggF+gkUjY1T5PaGq4sCW3YJnCaFsMBbINyBSZsquzq3D5Gbe/1mrbEuPE9OTqqhV6dTLyUigsViUobMaBoNw3+94fsK5JZA5Tm6mFDogrYMaDkehSxKefh3X/fWPna0xnI9Hn+8i5QmxOZP//RPy+ugRPlxOQMQdDodI+ZbLnHEEhuF7biVfVZgoUQCIjHy8TzFsi3qdRvPd/j1r7/lk90HPH36MatX59Q8WOkli3yKrQVCaUReYAG2lrhYrFl+2TLHlhau7SF9i0a9zWh8RRDZWLZGyJw0tgiDhqEspjH9VoskXnH26pJAukzjObbj4DguzXqEXiiOX79ma2uLXq/HcDhkOp1QiyK2+/scnxwzHk148OAh3W6Hw/1DsrSg1zdhoUoZ0F6r3STTgqvra4bDYeWbWS2XBIFPEq9oNhsluVNT5BlZnDC4ukbYJnf9+OQNlhtiuw71dh1pQZqsSArLpNzaNlGjjWW7yHLKlJc6uE15kZlTydvM8rsaROs5XvmO68m6vok/sL/7ikXx7m1JCBDG+mgIjECpgzH2Uf2dj+X6m1u3ebMs44svvqj+XSld3Rez7MZau275rguxorhBSAphUQgohE0hbNR6KvqeyK31H9/3OTw8RGtFVmiGC/P5gyDgn/yTf2IMTJbNJLP49a8/r9TAL1++5OL8nNzNoKgbUks5pNJKY0c50jWW2zw30ov+9g4/LmxePPuSF59+xvHvvabp+fz1s6/RpGwdtXBcx4gFlUIDhdDE0thwi6JAFzmtegvHc6l3LP79f/jXfPXNF3z4g3s02z5xnCK1Q56lOK5jFMlS0mg22d21WRWSszcmenp7e5v9gwMehAGXo2sTH11CNVzXxfN9BsMBy+WS4+Nj0jTlyZMndHtd6m2PRsdlOtPM4msSZTGNr+l2j+h2u7TbbSaTCZQ4pLzICILAUNzTtGoSKK2NXMfxGY1XNJtNhuM5r07HZGrG0X4HK7TI8RAqI2zUqDcbuJ5LmqXYjl01AzbTz+4UJb7zLJSDW9Yy9zWVWiNvuFj6exTgb39BygiuqSkac0mjN6fek6j8fYvCYPF3d80Onec5p6en1XVmLZ1eC/JMUSX44Q8/rn7wtS3zbaXu+puSQjCdjFktF1WLsVGmtG4apcIwpF1OgG3bvMCgcbQoIQDmYZzNZlW7Ly6cUolqLKXz+Zyr62s6uw0W8wVX1wMa9Tpaaxr1Ju26CxRoBbVaDd8PkLLgyfYW/+gHIT/76//Af/Vf/pf4YcBf/upLcmnzf/rf/iN+8NEPGI9G5vtTBUhJ5pvivNlqcnV5ydXZjMePH3H89dd88+03bG9t0+v3CCNJoWIit8t0MmcxXtDpdMjzonL3OdLj4vxN1T6fTWeEQrO3u0cSJ6SZMWBlWY5t5VjSo16vMxwOy+g3l/lizjQ2eJ8gdNnd7yM8i+urK4rCp9frV/6dtd7Nsq3KpbmuFUxTwzKEk54pyLXGeHe04mw0o7/bIZMO2vJJsJjFCR3HJYrCkhFghrDrzXY9JLwtXxJ37ZPVuOPGr17CfvSa0au+q827maOh76xr0zQhTWOKXOI3U258b3d/M+uo4PXd//LyslogeZ5X3aHNt16vVzGv3sadvq3XWosg19P29fVtfSLU6/VqUaxTqNaf17xQsow15la7WWuY5xaOY1c/g5SSRqNJ247J4gXT6YzraxO9kG/l1HtbOI5AYbpLlmWhhSJUkh90dlnde8Tnp694OTxnVRPYac4/++f/lgcPH5h5ilobdwSpIwi3OlyPx/xf/x//N8bjCT/58Sd4+Yytfp8Hj/aJQgfbycljcwpYll21hT3PJUkUlrbISwZAluWsViuTWqxNZyiOY3q9Hq7r8uzZM2azOd12yNbWFq1Wk+FwRJHnvHj5movJkjD0yPKYFyeXHB7tEoU+yfKUFy9elpq3Or7v0+t2IQPf95lMJkRRRBybTJXDg0OEsFHY9Hs9mq0ttnf2uJiucGsmMz1qdunu3MMOt6i3tkErpFyT/G9au5sb4W0fhn5vb0agSxOaWRSy1GSpMunl/QtE26BNkffejtS6HhEWUsZYlgRt0lvf9jxsDgHXK3zzqrPWFr19DFb2Vn3b/WW8F6J6n/VupZRClXfQi4sLkxSb59y7d49Wq1V9nSqAtFKHCuIk5cXpaXWfXTcUNIIlHkVhvudaiQy9d+8Ie3XNcirLXAlhgm62d/E8i7xYoXVJ2tCghCbMJD/aeYQfeLyZzTmfZjidkDbQTiCsRXiuATYIIQx+FIW0FP/P/+9/x9VsQqfX5vX5Ob/38ICdnQ6uaxHVQhAxy9UEpRWu41LkOdPJhGazhWPZ6LQgzXI6beMAzPMU2woo8gwvCvBcl9XK6NJqtajMS0+qTeLRo8dMxiP0eMH8NGMwmLGK5zSaNS4uv6FeD5DpkP39PeI4odvtsr2zw9mFgU8opfEDnzRLyw3ygiiISNOMOEtIsxXSDknSlOM3Q2ImDIceR7OE/bzGT/7O79LtH+Baiiwzz4Xv+9Xv6xY1UWy6j6z35MHotwAO5XXdyFzLLtb7Hn3vhVkkv2GKrgHhChZxRn6WURTacGTrDQqt7uwcrSXu29vb1UO9mVEYx/GdV6nNnPTT01OWy2WF/FzfQxvNJmHZ6dra2SEMgupIX2u63p2BmB65bdu4rstgMODs7Iwvvvjihn0RtGi12jSbTU5PT2k2m/T7fWq1Gu1GxH3HKG3jOCYKa8zSC5aJRgirzCvRWFiMnSGj7DOSVsKPfr+L/XLKVydTHm23+YeP/piG28N1PYoSXeR5NfLCIpktuTgdUQ9D+r0G+3t9tjuCKEppNGtk2QLHtajVWswXGmzBokh4dfqaaDzEsSWJs8tgVjC4GrFY5jx/c8rhoeTRo3s4VoR0jS4tLXJazR1qURvHBtt2UFpRFDndfoN2v83FdMZ8ntKmjZQWo9EEoSxs7TEc5gSez/h6Ss3z2er3iGyJL0HkOVIJBBZ5IZnOJjTqLnq6pNWImE4WkI7p+QtibeHZIXbQod45IM81vufiufLWjcG27TsjAm/mHRvkkluJUW8vlbKxpG9yQuz3ejDs62poqH/DIhFAkgni9Aa702w0buYAd7xZlnVrUaxxnkVR8PLly2p333ygz8/Pq9Pigw8+qHiueZ5TKIUuClpbW4TNJgjB6OKC64sLo9kKAvP+G8fw2qU2n88Nij9JOT09M2DqDfbV+rUzMnOT6DocGkbw050G3VYN1/VupseF2d1cz0Ugq+4WCmRLstIxvhQ86W2jrQmzwQVHrQMOjn5AFHZwXY+rqyuKwkES0AgazIpryHPa7Rr3j7ZptwN8b4bj52gSZKkuLnKNltJwkQMfJQUvT4+pRQFWIyItbLo7XXacHS4vLpitprx49ZLFoketViMIgsrrLYRE6QRp2bQaTWzbYj6fM1ssuPegw7NvJ0ZoaUe0m23m8xWjwZTROCXardNth1ydXyJVTmAL6qFPLWyCtPA9nyhssJhfoWVBvR6QJCtqNQdVRPiOZpoU9O7fp7l3n3Zvh26nhS4SbLt+S9Ze3QQ2Wry3r1obAhKt35KgVH3dKoVA65vYDvsuf8a6L7ymvktp/cbpuPGVc0tsaMn1v6k7vSDr69PmA1sURVU3bL4IWmseP35c1SOLxYKLiwssy+Ly8rLyDOyNRnQ7nUqCbuYGpvhPS0+DCoJKrj6bzfj000/xPY/RdMbPP3/G7u4O/X6fo6OjdfFEZtcZjceMRiPu3bvHfD5nMBjw6fUrmjUDUu52uziOjVJghynCeTd+2LUcHKeOENrQ4/vbHBydIjwXIoe5SojHU64n1/iBT+gJbCfl5OxbdvY6PHy8xe5emzCyqek1NE1XIM21vThOMgLf5/Hjx+wuFqbfH0Vo26485rZ9n+l0zPXVkovzGX5gE0VNwjAqh56S1WrKcrlCqQLX9bl3r4ftuuzNlnzyw9/h2bOXPPvmFZ1OnyhqUBSC1XLGxfUAxzYNi4vrEVtbPebzBZmS1BothO3gODa25+M4kiLX5DpFSpe9gy7zVUK4ysAL2d3bZXd3h1qtVnng17yANbBj3elc3xbuyiR8+/qu9M21ilLzptc1S5lVKP7p//GD6qNardad3oy1sO37UE/W2R9hEJBqxa7y+FFRJ9so3tc1xOYJsvnx8/n8VkzC+m2xWFSF2LpgV0pVYZFKmU7Z+gXrdrv0Oh2yLMONItwyPiBfLlmMRshSlrC+qikE2q3RarUIgoCrq6uSsCc4m8TMZnOWyyVRFJEkicHtjN/gSG0kH2FYqpA1fqPA9vRbJ7om1i6JdqsH2rJsXr9+ztWVotH4MQ8fHuG5Hm/evGF7Z5deu8Xlq+d8/e1n7O63aLYcbC/HthUNtOH6lurWsBxW4kTESXZTl2mFLjTCV2hLEQRhdSW1bUlW1Lge5OR5UsH5PN83MRCWaWtXNaNSJEWB8gKmkxnzeYwlPK6uhqyWKcdnQy7PT9ndbtOIbLb7TbJkSadm2FaWG+AFEdJxyQpYpQukLYiXCZblIoRD6IcoyyGzQ/Ba+M1tHj3+kJ01yaS4mZhvJjBv1rBvb653qcYrx61Y0xTEbbLI2zVIo9Goduj11UhKyXKxItHpjfvqjivZZhGUJAlJHJPogobTQPiN0ogkquxBaVu02u1bgK/1d7aGwmmtefXqFVlmLLH1ev0WIW/99/VpYIR/KUmSkCYJu0dHbD15Qp4kuJaFLQTCthnmOa9HQ4SU1KIaTz54ilZmDjKYmVNmNBrdxFSXw8F+fwspBL/+7DOyzOSBd5tH2CVH2KCHzG6UijGFjssX/bYrcg2ncWyHIAi5f+8ey/San335a2I7p93uMFpOsLMmf/av/pz07DlPPnzA1nYN203JVQJkJLGoXju/VCasJTCu51U+/+l0CghqXoS0IE9ygsBjnmTorKDRjnADlyxNTD6H6xrF73jKfLZiOBySpCmB7+M6Do7nMSqtudfXV0xGS5aLhEazze/83k9Jko/59Bd/wfNXJ0znYx4/vEcYuZVl2XZslnFCVmjCeo0kS7AcEMJBFabp0+xu43d20G4d6TaMgUoXWNIC6RoGTfk73zw53p5zbXo+3jlF1v9cXrG0NiNDJXQ1C3xvF0vpxHSjsNAiMf4QIUt/yM0XWz9Em8faWhZhaZNvbisTrbbueikFTplzvv5+lbpxMKYb0dObg8HNH259kuR5zieffMLOzk5VsK27ZEGjgS5tuZPBgMGbN1iOQ56mJq5Ml7OPlcHWqNI6a5W7z8nJSfkqWlh1w2/KspvrHwKKLAedozQsZ7NyQUi8Vo7tm6Gh0saOK02KBbnx0mJJSdhoUG9G5N42n199w19/9blRBkvJL198y/z6kv/8Dz/mgx88IqrDYnWFLcv7cyqqOs8rT9A0zZCez3IxZTqdcnl5SbPZpFavsZgs6bS6SMtltFwymy/xHActV1hNC8eVFCrF1gJNSlQL6LS6jCfjEgMKs+kMtVpS7+8gpc0f/eEew+GcZ9++5Fe/+px//9ff8NGHH/AHf/THXF+8Yjw443owou01yLOQWhBR5DlRFHJ88oZlFlNvt/CdkCTJEVKQa410XGqtLm7UwfIMY8tzHVzPRQn7VurZeoPcnH28s0Duiu/Y9Kuv5Sdic7Txltx9zZPSWlMPHmPJwHyW1IV0CdIB6wqsBVoZa6YZspnO01pGUtUUGmIbTusmGrwSgmmw7IJptnbsSeolHV1q6K7WNZOg1Wrd6VlfCwOzLGNvb49Op1OF6RgCusP569dMykB7XeIkpYbYEUwbEgpFGGqoSxTKeMTim1bybD43Uoa84ItffsnW1jb7e3s0Gg1msxnTyYQsSIhCjzCKSGaG/B4nCYd2j7ryyYqCRr1OUDNDzlqeUxQZaJMTXs8ybKFwulv87u/W+ef/7X/DeDLBsW0arQ7/83/8P+PvHHoIS5EvV9SxSROHIld4rklTyosCla5IkoR4FSMjwXS25Pr6iiRJ+OKLL5CWhNTFlj5+4Jufo9mk3eiC0KTZhNCvmWsOFlL4zNOEeZwTRE2QBsnT6deYLxcoBWkak2UFW9sdtrd7fPKjj/j//Ouf8ad/+u959eJTPvnhh+wfPUBKGE8v6MgQZQVYlovl+Gzv7HN6fUk+GOGgcW0HP2rj+DVS7SGcOu1OH2l5WNKiQJHlBdKxSz6xXW3Q6+vkjaVW37ZNv8PqXc9IxK2531oMaw6Wt06Q0WhUftKCoPvH2HbfSEmSAJEuEMJH+0uENadQxpu9BhgMBoNbRAwAS8HKgeMmqOLmpmFCSwpUOkBrheO4HNUbIMzHtFeme6ChQvVstn2VUuzv71cFeBzHnJ+fY9t2Naxb7yq251UxWxpwtGDiwXFDYxUQRALVMA58L4bt63LvkJJ6GamgNfzgB6a7ZDsO4/EY13U5Ojpi6UxwQ5uo0cLNMmauRhY5Nk3yxIAj8jQikz5FoWk4OQ0/oyhV0mq+QqqMwg053DnicGeXfJXQabf5vT/4Qz58cI+oeInnBMxTQVE4iBSyzMIOcqTAhIBOzDUq8DxWSmE7Np1Oh/l8XgG801gQBQ00mp/99V/SaDb4nR//DoedA6IogEKQZ2BbDgIHy3JYpQm50jhBnaQwVxq7gMFoZNBAcczFxUkl9fj7f/wTfvcnj/nqq685Pj7l6vqCg4NDHt3/gEWesxzOOLp3hBY2tbrPvu+zmk/wVYJEIB2XsNWlvvMA128htIVT1hhS2hUOdtP38faM4x1Jydu1s7hZKFqslVjmqmYJwyDQwsid7Ldbr+YLCCxLIW2jt9IkFCouvbrqPZPym+vWLWdgoXAUFOpdjq4QFgqJIySOMt+srW43ht/+nOujdN3etSyL58+fV/DqZrNZTck3Nf7mSiSMrbUAT9jovMDKzPcnygWtlKqQlDs7O6Ynbts87R/y5s0Zx8fHBlvTbtNqtng9jhmNBpyfntFpd4j8kKN+l2hlkY5XCNvAFLLMBG6uLAu0X/J2ASmwZEEsHHrdLh99/DGF0nz88cc8+eBDlIqJZcBkkeH7deLVCrsWUnMdtDbpVfV6i6YXYUkLx3WIM8EqTlgsFlV83nK5xLUC6rUm88WcbrfJ119/zedf/IJROqe5u0e/s02jXsey6ySrgiwujFmpUKg8Nwgi18X1XKbLOZ999hlPnjxhOp1VI4HPP/8rfM/n3v4+j+/fp1AFV1dXvH75gr29Xba2tkiThEyk+J6PYwmU7yG1i2V5KLtG0OjQ39rCa7QIfLesXcU7sI/3aa7uhDaId71KsoI5UBFi9Lr8KCMR7Lu/gGY+XxBLB02B5/nGgy1cltohK4M711eq9cO43u0364S1lAEh0Hf4SdYH4DrjRL/VBrircyaEYLlcVnr/JEm+EyFkEq/mJGnK/b0DUl8xnV3RqTUIohBVQYyNjGTd3ag3GhWB/c14gu/7PHnyBM/zmM/nnJ6ektipkSYoxSpeYUlJmmVEwja2WUElidBage2jKmCE+ZMWGdJvYjl2BaTY2dlBFQWO71PkdXKVkNs+uW2B42C5jhlmJZrcCglrAZPJhNkiI/DMTGYdKpSmKUdHR+hCs1ot2dpus7vX5ekH9zl/c8qrqzmTYcJqegEMaTX77O89YGuryWB2zHKxYpVl1aB23TlMkoTRaGQEhsMh/X6fZq3J559/zrNvvqBeM9q0jz7+yMTrlWT63d1d4jhmOp3iuCWPrLDxgwY4dRaZwHLc0tdvVbeBdc2xlgu9XXe8zy369o5+c9KIklumbkDhVWWi7x4Urj/jcDSAIkXpjMODQ6IoBBzORz7pSmNJi/l8wXxmsDf9fp/d3d1bO37VVVHqN+JDN1e6+E2DSSGqXIq15mfdMlYbvoD1+66Fi9KymEwnHF+Nmdcy9rpbtJrN8pQxBMV2u40S+hZsrFCK65VRnoLg+urKtJQDnwybmluj1WgxKenmZ2dneLVdOl6DvCzQlcrRKseOeljNHXRhriSFUiwXc9JC8PzXn/IXf/EzHjx4gOe51GoRllAop4UXGl8JwifTkOUKlKBwIgaLDGu1YDgyshpfD2g16sznN4SW0WjMwf4WrifwQ1mCoVMO723Tu/eAb09GJi0qCri8OiVerTi4v09nu0Wn3eXs7IzBYGD0VWGA7/v0+31zdcsyDg4PKPICioydXoc4Crm4vGCxWPLLv1py/+FDdnZ3zLVstcKybVqtNqPBG3IhseodvPYe3e0jsrzgajjiQav3TsTe+nl622/09gLZbBip9yBdb/5bohAIijJI52YOYm8+TLcM7doBHEN8KCyK3HRnCmVShiq4lgShC7TOb6E+v4/9dr0jSGnyC3XF8PrNJJVNLda7YY23O11CCJrNJq7n8fX5BVezAVndpPBq24jdlNgggZVJp2otU9CC7W6/ytV2LdvkiSC4zjMynSCFYYPleY5C0w4bNJ0ahV5PeSVS58z8GjMibKsgKwrGozHnFwMG11ecn55UO/FwOCKManhhgHBa5e9Elx4TE1hXJAmKFO3Y5Ai6O4ckaYIXj1B5Qq0WlbOjgq2tPsvVhMC3Sr1cju9bWEJgu5Lf33/KqxfH/PrTLwn8Bss046tvrthZ7OE4Do1Gg3v37jEajbm6vATHrh5Ux7YZDobUooi659LvtPniiy+wpaZVD0iSBefnb1glxlPz6NEjoijiejCkVQ+ZrlJibAqvjghbPN7bhUKxXC7NbK4EZ6yvVWu+stZmo1aouxXeG8gfxG3ComHvlkoRLSrA9Qbfz9TEf+8f3vsvXNethmvrt8Bv4Qfg+ClRXWM5CcgFuYqxRITvdHDtFp7dxrU6ZvjkU90Xf1OcgpSySqcNw5Dd3V3CKCD0fBrj1OC1vmMuuVoZMPMN5SOr4g3WyKAoiioq+rNnzzg5OeGTH/6Q+08es0pi/ERjrVJ6Xg0/0wSZwFtBVraWjYRagBRkzQaEHiJwiVHgO8jQIy8UUro4doglfVynZji4bhNpBxTSJccm05IcSWJFJLglGWXEt8+f8fzFC66vr8kz87N0Oh106ZOo1SJsz0JbEiyJcByEbYMtcV1T1ArLMS48P0QJG5ku6Pd7SMtGWjZKQ5pm1BodtAwYTxOCqI3t1rDdOkoI5osprUadfrfNcHDF8PqcQhUs44IkWfH551+glGJra4t2p0umCmbzOZeXl9TqNfwgYDgcUCRTLNu0n1+/OsGyPc7PrpkvljRqEZ4nmUwG5HmM77mkWYYdtgjbu7S3Dun2d5G2W+XeZ3mGFmV9LMQGKF1UQtNqGs7Nnwr0V72PqGZSxkgl2OxvyVJ9VeWxlB9q7+zsVA/d69evK0RLb3+C58WlMndQRuVmtMTvIII/MnORSrPiop1vUPpbwP3NAsdSrLizs1NldHS6HfOD5AVCzIH3rxApJaPRiMVicUsevw70bLfbFfDYtm1OTk6Ik4R2q8UyidlttfhPW4/49We/piiuefQHOxS5IlMFV8tBdUJtb29XJpqrUKPKHvUw0cblKDT+rIebl1kedoEuf4/TXDHMzfBqtVySpIaGJa0JuRqxXC6JVzF2saLugBd5pIXLfrlhCCkYDkeAwq+ZeqgW1cpdD1CCbCnIlbkY2H7E9aTsWOWaq/EM1/PRtl9ek1r8+V8/J6z1ODr8AUsFQoSM5im+WCDSlMV4iSMlH957wIX7hsEsIU5TbNsgkF6/fs0333xDu9vlgx99zMG9I5CCk9NTDg4O6fa75Ms3zOZzcp1xcO8Rz745IYr20PmM42ffkqctPvr4KVk24fpygtO4R6txSKvdp1WPiDwLJwxZZTmuY1FkmiTPYX3V0trkoW9iW8XtycYtm4a+4RFUHN4NM6Gu9IaqWi5yHR2pBfbmEG5TAq5ygbJlify/mQZrVaBVDGWyqAESKIQufiMJZX2qrHf89ZGZpim//OUv0WhsLflpUcMW4jfSuN5u6236ARzH4fj4mKIo2N3d5cH9+8RxzPX1Na9evUJKSbvTpt1uk+oCrNLC/x5Xmtx4zaXS6EKVbrkQR5kO2WQyNoO6Mm3KEiYQ0pJgl1q1TBXESUYcJ4jSUxLHCcViQbdZN4gc2xT4UlrM5nPmcWygdyUIwg98giAkKxKz75UhRAIYDYf0g4g3F2+o1ercv3/f5Ipkin/0P/1H/Nt/++cIUdDpdMuBqGI0mOLKguUqJstSlNJ4tSbdQDJY5EY6FIbMZsZrvpjP+Xf/+t/w0Ucf8cGjJzTCiPPzC1qtBvVaG6GXnJy8wBYh7U6D4WDKbr+NHwjSbMHF9YSg1sHzGtiWh+0FbO8fghsaqLdlmb1X6Mpgtb5S2dZvAzK8+6p/I4mvLuOV3F2/pYS3/uF/+vi/2JQOr1H6tVrN+DvexosWfVB1Nu9AAgvsMVhjeE/9sHaW5XluWqStVvXfcRybQMnZlGSx5LHXNrvEd7wZqIOsrmgmiCYgKBm2606XEIL9vT0OHjwgqNc5efmS6+GQZr/P4b179Le3SeO4vOdCnKmqLoqiqAR9C6ahV3FzDSzZQtoWbRnhOz6O55DESTnZtcmVLlvbkGV5WW+B6wWEYa0KvVkLM0HQaLY4PDys/A31eo0w9MmLhCzLzJzJMk483/ehSCvDkFKK3d1dxuOxeX27W1hOgHR8glqTVVYQ+HV++PEnXF5eGM9HvU6r1WY2nzJbzHD80EQ8F6AtCyVsLMclzzOiKKJbButordF5gcpydF4glGZ/Zw8BXF+eY5zXgtFoUhJhBLJIqdcDglrIIlPMV5JW9z613j69vUPavW0cLwRpkeXG426X3av1prUu2N+fVCHeuym/W5uUXdT1ra0synUph1r3sm51sba2tm4N496fz6HvcB2+3VPT7/DK1zv848ePabVa/Mt/+S+rH973fOO+Wxvt7xDZb4od19TD9QlRq9cRwMXlBePxGDTcv3+fbq9LlmYMhwOEkPzwRz/CrdVo9PtQFGSr1S22un7PT7n5EzWajZuTZQA6M4V8EASmHS4lxXyJStIbZXO5w69/MuPP1mWWn0e90USWTC2/bNMiBEWRkWuvgl5MJhMjKUkSGm6ZglXq3xCCnZ1dECYZdg2Z8/0aUdRkOJ5SpAVPnjzl/Pyc8/Nzjo6OePyDj/mLPx9TZBBnGsczc6T5Yorr+jiOW22ejx8/ZjIeM7oacHV9RbJY0u10kbkiqNc5vPeEb776ksl4RhB4aB0Tdet0Qp8ki0HYHNx7gvB6BPUDGr1DhBeB7eGHEXlhNpY0idHK8MXQ74ZzfpdN/O3B8qZaXG+gfQxjrbjBYWkNUm8sNP3uHOQ3hnlqWZ4SamMBWBtE+OIOQaNRzXY6HR4+fMhgMODFixe36ge9sdhsIbDFHRj7twFZJSpd5wU6M6m45ApRwhx0XqBSQwEZX16yXCz44U9/SmFZnH36a2Sp23JcF6GMUV+Wn1ZqEy1cuczERvDm5oIpvTjr6k4rQ3f3PR/H9ZGyFFFmmbkOSRstSn+27ZD3C5TW+EGI4/uEQWiga45b+hdsLK9RMZ3WV9M4jqk7PmiF0Jpmo4ElBfVaRKptCunR3+4TNOZGR2XbaGFszkma0ut1mc/nnBwfs3v/iI9+9w/4yz/7MyMpiTOU1uRaki0W9Hp9LMtitVry8uVL7h/dY6+7xeVll1/96lcMLq959PAh0WKJCAN++KPf5/DgmuPXr4mTFY5j4eUFuzv7JLaDEi5H9z+mv/sxbidCOIpMW+TlJlOovJIurVW7f9uQ2bs2+Mqns4l3U+Y+rUtc0G+JHhUgY5CzmxoETUVGUY23XIjCvJ9IKhl8p9PhxYsXHB8f3yF3N5PMsUpxhLzR669lIlV2381+UShYuQLLNf+eBjZF4VV/X7mCIs+oPTigLiVfPP+K8XiMKk+0KAzZ29sz025ltGNGVQAznSHQFMoYiJQUN0VyGfSYSRvLEiA1ypFoaaEAVzoIZLWw7NIuoIUwxBWlcF0PLYzpq1ar4zi+kTrqHMcuZRRCkIvaO+GjSimEZRacsCEIjP/c8S3qfsv8ct2QRtMnzTSFBtcNKKwVFxeXLJcr9vb2iFcJz799xtOf/JinH3/Cy2+/wfNDlssljYbL+clrVqsA3w/odFp0ex0Gl9coL+TevXtEtYhvv/ma2XyCpmCnUyeLTdDOzt4u18MBxyfH2FmOcjy29o7QXodGZ5udgyNEKBCOIVuqPCPLUhxbEgUBiW1clTIMkd+jJv2tnuNN7dXbm6+6MVCJ/+L//I/132T13TbFp5A+guSh+Xu1cBxwLsD/zPyd7xndvHHV2cRD7h/sl5CwG4l8USh2drap1eoG0CbEO3kQlmUxHk+4vr66kchLi0IVJpdvd89YSnPNYpbzbrUmCb1OxVnaPNHCoIOUzk3Rp0FLgT8tsBMF0lx/0jRFILG8HCVj5vNFeR0TZHlOw6shV6qC8q2TpHBsxoBXytDFRk60dMKqzbmuuzTgFy5SS7SAKDQRa5PpDDseEc9GZHnBYjGn3+/T6/Y4Pj9mniz4ye//lC8+/ZTFfEYQRCiV8PzZ57iuRxRFRFFkuo2FRs0yFsmSZq+JF/l8+ewrLFvSRSMcn1p3l8KtUzg1LL/G1dUFWa7odHbp79yj1dmlv7WPbQukBLlRS62vpCYiPCvBE14589Dvd7hq+Z2yk00Bo5EUmXRdsxbuKCmEvMlJ/74dgDsgWQa8pc3V4tbVSxtOlvieg8PNibq4A1FfXWe4adOtiym5ToXVN4tYVi0EgdQaCoW0bdamFKH0rc8rKsoYt3rraxL7na/L5vekbz7+xpNAWVR7gCTXC5bZsjKN+b6BGARegNCq4l9lWWbqC8fGVQrX8946QQVygzUcRVF1T49H84pOadtd8iJmsZzQcUGTo8nxfJvB8JJWq87ewR6/+PRX/PWf/Rm/89Of8ou/+ismkwlb/TZHR0e8eXOG53nm2rNcEfohju/SqQcMJmO8ouB3fu+POD09QcznSNtjOE2wayFR6NPu9NjdO6AoFEHUIitssyC0wnPcagdfF+GbAUnr6Xme51iedZNI+xvSAn7Tc11tpAIo2crvjBe1wr4rked9E+/v2vOllEjH2SDVmRNEWRbqb3EYVjvjXeK0je8vy4yDzpJWFQxflFeRooSwOWWWenWSSllK4W/CG23LrjT5xaa/4Dua2PpWx0SiJUipkdKMitbYH4FklafIQlbdwsD3sWwLz/HQmfFDrHdQ4w50CAS4joP91gLBdm6RXdbfS6FismzBdDZFk7Czs8PJmxcsVY7tKOIsMVn2WnFxeczDDz7kyQcf8Kuf/5xn33zD7//hH/IXf/ofyPKMVquN43i4rsN8PmcynZrgTGFh4xM2miSF4vRsxNHDjxmdX7OKE7rNDoVwkXaA79fp9vrYjgvSRUuHOFWkKsNOBb5rslY22/Wb8vW1rD2JE1zfECwl8vZJot+/QN4OR721yYjSEL5mYb2Fu7IP9g/ee01br+qzs7Myvci6MyCxUIpWo0GndkSh4o1rjMcsTrmYKCzx26eMCCHY3d2tirS7xGiyzP0YDocUpSZsXduMSw85mLDN+/fvb0hhxIY/pdRiOQ5b263qgTOW2+93o1XaxCs4to0S4BYZ0ioQVhk2uVqZk9Exzs1GrVmtONc1XSIyI7expAkZ1cqcvp1O5+6NS1gVYC+O4yqajXiMkAppZyyWAxrNI1qdkPNvP+Nop4+arxCWJAg94njC1eUZW/sP+PAHH3J5bkAXv/vTn/LZr/4KyzKQNt/3S/W02f3dwCfNNakWOEGTVAnOL5fce/gTFsslBYJ2p0ehQVo2tltH2q6pgW2HKHDI0WRJhp0LI2Mv66y3JexreclisUCkAtt1zDVbvL0Q5B3YH97PUiu7LKK8jorS9aq0rOyG9vugWpuSke/scgldWXTNL0uWf1+fJGXO4G+Z8fn2C/R93v99u8a7PfE7EHlrru57ND3ftToqAP5a1rDhsl3HEriuIZxkzMl0+s7rakmJ69umJyglrueZrphjUax9ym95HISQZHlOtrYZlwskmV3iOxYIyPKUi6sT+lsNrl9pVvGUICznLxocVzCdT7CvB+zu7FIozdnpKe1ul63tbYbXp0hp4zgGVr6YL0BqnNAhXebo3CbHxgsaSCei8Dtsbz8kSRJc2ypZZClaeAjLRQoNjkWmCoRVdq2SzGjC3upWberrjMU5YLFcmFiJKtH25nwX6O/Xid1YUDcJkVSW4OoZQL2HzQvlIFBtBEXK92RPC8BCSI0mQ5OVK1mBkAhhIG6y/Lfv881/r4zr9wyENtXDb+8cRVGYQp61dXhzEVoIHJMBIvj+L7I2LkWNgEKhharytqWUKEz3zuSOSBZJRpYsTSTbRiPAsmz8wC0Ha+UC0RolJCulb89o1lohS5MlCYv53KgT8owsy5EqI8tMI0AIwfXVGx4/eUqrVYPMWKmzbIXjhCidURQpp6cnWPYRu/t7XAAvnz1n72CH1WLIcrEkz02XTFhG5pFrjeW6REGdIOoT1PpIO0C4NYJ6l3pLsFzM0cLC9UJyZXIhldAUosC1HQqhKrr/OgFqc2PbPA1uUo1dVskKz/XuuFH85gVye2Myv7fyRl7ynDfTjQXiv/6//Ff6nf1USwg+BTkvnVbqexQ9VmkxuW1vNFHMGVIavuzFxcV7d+d1x2lvb28jek3+jRbK26fKuj5AZJBtQfIBCJM9Evg+R/ceUKsLnr/5fyOF9c7H+l4Xwbs10J5q42KjMahSQ19UdHvbBGENpYpboro0L8jKDJKbB14grALLTUvKkIXrmtpQ5Yp0FFenwzqFVyAIHVguFyzmC6QlzT09SRBqSrMRcnl5VcadOTx5+pTlaMnl2QVeYDEYnhFEDuiYpfYZryx8L+DevSfkuWA+TcjTMUcHAc9fvUFJG8uLyLTA8SKE3UAIC9cJ6XZ3qNfa1BotVpZNo9HA87xKUlTFQmxMxZVSSMsqVdG8E9+8mWq8aZSTlkVe3A7IEbKMeFbiHen7XbXrLdOUuBEorp9zYxfX5RzkzhPk3U/4/gdVcxNMkt3dkRLWrbvlb7q+bGJcfusR0MYJ8vY1RqnCnIxKQyHLkw6Ukggc02tXCnVXx+o9r9JqsSArZIlVqggUJHFsDu+qtVi61iwHYTuliE5Ux4EQqnKyKa2Ik8ScZLkmLdvE6yHh+mvbhQalcNfSc62RWmNJQZ5m2FJiS4kuCmaTMZ3mDleXYwpVUGu00cRI4aFTQVQLmU0WnJ2d8fDhB0g8vvnqBTDhRz/+PT7/5hmWV8O1Xbywge23sISNEA62GxDWGjiOhxOFlZFt3XVbQy7WrVu5YYBaEy/fXiTrZ24TUbteJGuJzppkopW+ZaP9Ps9IdfqUBBOx4VpUGA+JEOK76O58LzvjW32c3/ixm1eh71tP/G2Eae/8++YLWcY0rIM0v4sguUGOufU2XyyQqamx1uphXRbNSVbcusYppfDDCM822e03vAC9IUwVFMrA8xACckW2IenfxCQ52mSkuK5bxRYgBLbtECexKXylOVnm8zmdjke9u81kelVC7QRK2DjSAm1OmiQ2MdaN5haH9x/y5vQbhtOEpx//Hs9enhDUGkSNNmGjgxQ2tuXhuRFaW+RIXClNXVF2FtcdvE2EkuFx2ZUtYQ3ZXud6vG+RmB3/Bvu0/pw3XKvfbnFoAXkJSJTrcUXpcbKqE+R/gLf1w+F5HoeHh5VN9vz8/DsfZqVUhRsF2NnZuTPX8G8kNShj1gI/pL+1ZUBwZyMuL6+Mk8xex0Aby+14PLoTod/JA2xtWo5rcaTWGsvNEZZJul3XIGjNYrFkvoxLxbGN47gl2DpF2ysC34AolsuluToURvLiuIbikWXZjbBb5LeuplWRq+NyLmRa4GEYUuQ58zij0dtltJzjuL5JBpMFVq7IUxMLIXBZLpbUoozt7X2GkwkvXl/xk90n9HcfkhbgBU28sIHnBQhsHDtA4FAoYzKzxM2izcpwG8uyyLKsOlXWu/96Qaw3zvWpsnnbWL//mlCiNm4h60UFhvj+NizurudrM8RTyJtu1nr2UlYfaKH/h025/f+196XLjRzZuV9utQAguGlpSTO+tsM/7JgIv/9D3GeYey3patTqbjWJrbbMPPfHycxaUABBNjXqWRDR4TEFgoWqPJln+ZboDxFvxCU7v7U2Cce9Lh4nYK6kgA4PyXYdnLMDOv90FjSw6JrMP44KS+8hBQt/xd2fhWTYsTVC8vPcAiTQ+QoddmjLnmcPISA9YDp1dI/6ky+ILOvewLJriM0vZQkpBfK8QNfVqDpiOP3iCtJ4KKcglAO1LQgdMyw9L4nDfg/rCavbb/DxcYf/+z9v8b/+4z/RWEJWLiCMhNA5QBqkMiiVwVsPwI6Yf8NuVJ7n6VmqGdh6PDHGJwNG6iWePK/lQKIaMmLnUuvzRbpAr/4jJtRvzi7O+4MIj2f3Z8+gLFNxdkIW8lQqJwZMMhKzGmDPvh5BEkMveAEJIRUoTljDkE9gwGIbLM7Ygphvj6MvzAPSlsWgWTUQUoPIw1oH55kN3XR7HLqPaJsWOpw27HQkQa1OSitzg93o4KuVgu0suoYXT1lkUMH91dkGD5sd5KJDYwnC25BREFxn4boW3iu0TQclCdW+hS6WKG+/xptv7nBoPQ6Vw+rmHjZSrZVme2xlACkglAJgU+AObdFikMzN0oZ0CK11otQOA0SE+hCQYbRw7CXTnyaXbting4gCdEWfDI7mP4FPmoEHEKP+AOR/TiDGof3Bd999d3IXibvQmzdvktf1f+wMysfA7HvhNSlSeMg/4qfV/4b0hFoJ/PjBsORQ4/DvDzKMNDz047u005DVg0lrD6GsM49G6lFtQCSgFw+QxqcJr5cEIQiEDEAGCELnBGzFD0N54MoqwLVAkMTRRqOuW7hw7A/dk5x3qE3PpmtdC3gBMgJbeQXyhFItYFsmPHU6Q9M1MPVHWEF4fNij6xoorbEqlrBOY7c/wFmHpvkVmdawhz2+uf8Kt1clVmTggvi2DrpmEhpZZuDJAeQgJVgaNEDz4wJXUqEjx7OP8B1aayEpWkOEuY5WsBQm6FLAOpZ1kqFxwcem5AlEgBXxoJcHfFIeSwOdGxqKGSmgWKdKME/99AniF5+IJg5gRbnHvEOVSKqM54r66G1OAigfCYsOcOLSfsXxZWkvUGkLUttkv9V0HHSFFSg6Ew5NArVdCgnpJ/jFcA1OOqYODgPEC0jfAmRBPpwowaxeCAka8J8DdAvCCfi250lrSEhPsHUDmP7bVlXF6ZRWcL5NF6OVCvR5idoGspYltK2DVx7OS2wPe6zaGovlEn95+xZvf/4ZRVFCv3kTrJQlrLMIEzA4eFRNjWsirNdXKDIWvDZZDpICIhznA/DLwDiTRid/OI55s+BqG4QxnCfewEiNlUoxXEjQOLVEDwuRUrIo4SRATtUg58YGaUQwyFL0VPB3jPmlF6RSbDgZjdhJXgYue6p7RgRWHhH8f18UIAF340VMrSjhcSK/3w+1puPgKI3LkfrunA+zLyJm++zcFTma2tP8+5136Kp2JHDmvUNV12w4E1KQx8dHrNdrtjFz+9QmLssy8VVs18ITu79a28F2Cs5ZeOfx9u1b/Nu//Ruk4KDSWmG/36EwmqnCUgQPcofV/S3quuaWrdYwGQ9SlVQgxaFsn5nWxDRbKw3n3ZFk6LCeG54Cc23/FDRSjDpe87irZ9am4LWgf/rpp/TzL7/8cjLuf/6HS8kmKw8PHyFgUK63uPtGBpGD16lmxKecbKllTumko8nchp6A+G+3W3bRWq9RQ8HSKVdfevpqiU8Xay3apkFe5pBC4nBg1RZPlGDc8blEb0ECsfhaqEtiJ0tIiWp3SD+r65qn8t7h3bsH/PGPf+TfCQtot9uCgsBfTH9VWLRZaMFqY6CVhlbMmCQ5X0NGCdLYeUqzBZoM/cLA03vPDl9SjAr64YYdO1gxSCTkkdLi0EBnClM6qbgoRIKaMN12AJ8KS0QfDoejyeMlw7xzPebkuQEDlbf9sfnJEdKrML6IPTNQb3zxFQTodfJJdM/rGjhnYd04rRBSoAuWDUrzkJR9OlhZXniZFkgcku32O8Cw21ZdN2mewCmpgvf9XGGoYwuwz8piwSm0DFTgflFJKC1hlIT1Ht4ze9F2FqLgtOfcY5yun76lSkdT7ljIt20LLaIqf4+mHXp9xELfaHP0AM9Nys82ffpxeiq3e5gJDxD1UMVj2Jc+pYZ4aZBIpSBIce4tOgihcBoYedlLkYL24sWtAyLW/lWv1C0WFx0UYlQMdnWH/cH2+TIBQgl0hwa2qiGUhAwCGnHBCidS1ybL2Auxsx3MQsIYjc1mg6aR7O1hDLLFeiRWEP9lGUt5brdbLJdLDjohkBU582XSehFQUgQVdZ5+e/JBdLwnZMzCODDPGDp1sgqM27Wn9mWlJJxj1R0jzdO2gIMNf67uYMVFpBPEC5GWZ8/EHcxBiAjv3r1LR9Td3d3ATOeFTSw4wK2B6g3g6JNSLAGBH6/+DxSqUOS+8HMIaBUCwPBls5xITtrt93Bmdcw0BKcpQgGHQx1mK9E6m/1RaKp7EQrYuq6wKBdphkAB9hDbn1EJZn/Y435xnU6VuMAYesGYpWi1zPwSCaVMUsSPxqdZliGTAoIcHBRIGXhpYJVBtrzCYnWP1e0toDQa32FRZPDKQkAl+q+1NkzDPUhqeCGP9sKhWiZLSYUTlURiZDpnk93f3CkkZBDSFn6WI3QO4j6H0paCGxM4Q7QaMQr3+316U7Q1+DS4BwGUA93XY/+DFxUPEpvlDwGEO8mxhrKROLHyRV9fCKJe5+pUkUOjtsPoZ3Ga37YtpB7aFPWXq5QCSZsgFzFAvFfjgAoZmtEGImcB7E53gw4QnygRdBhTu6Zt0LVd+nlEG1hr0fmai/RgeKqNgfYKJhNYrdg+LqZju/0e91fLsGAlSChYoaHNAqq4QpYvUCxWkMZAaAGpeeMTUFzQk0jpD+KcZ9DIPHWKxGUXFdW5LOZate9GTRd8IKTxmy5eh8NUbQZQkZ6yj+toEBN6pCxyYnj33MCIeXrsxEAyClV8YkKjiCL9a9wVcX0BqCYGjum7eS5SRQzeuRtM4bOO+CIR6jDkuVxIHx4OGMV8RhYL42yhsN1tkwEQLzqJhSnS3yvLMqALWvZB0WyiE+uWrmsBVUCbLGGciAgwBnVdY7FcpUZDFLC2ziHXKvluON8hLwUyo5HlrLJe5DmKnMXsXKIEhEJYSnRB/f3lg9wxvmoIG5lNnQJo8VLKeCz+Tz0zGaVIRZql82Y0ZM3d3t6enHQ+B3NVlmXyQDfGgGc8n1qgD7tLYlTIra+v00xlt9uNnK7ie8qyTHYATdNgs9mM3wOC0hq3d9dH+S0BkK1KP42Oui+bD83ft67r4Os2dalYz6rA9c1tOq1iIa6UxmKxRFf10jh9Hi8SfixuUnHDsu4A55n5uNvtGOpSFAyTdxZWGngp4IUP4EHP6doAG+Vc4NMMNlIlWYHGOgcX+uXT3XqOzHbcARVwjq9dSnpyE54u+vPdquNJ+3hOgzCQDE8/NhEeHx/Tm6+vr5/d054r0rMsGw0BX1rwn85/RKpLPLlkW8zqkB0O+wpSyaTs7bxFnhW4uWEzme1mi8eHzeA9EZfFnhp+IhnnCWi1CIJiDCScU5Ofj4U+Z6MTRb0QYBs165BlLGzNusO8yCKKt23bNO/IMoPCF2mWMMI/KZ76u+DPKMJ8QEiJfXABK4oCRmvsnYMwCm3boCMHmUnA6HAyiCOYkBBcME/NVAH+Dk7ME+tOzTCmzzfOMrynJzFV5wCJ07lL/7ljs88IKyER6lIheug2TYr013qd4mR8enx0QVZoEMTCAaKFEF3IZ1qQaAEx3CkcfHDJ4hFoDcg25cu8Zhl3JqwLc1qR7L48sSCcBw2T5ydO02AOREFMT/BAUniR6rPhEDRTCma5RFVXfS3RddjtdpDZInWxlstlCFpOy4wwaXf0IfVAgLUME/54ulvLaotSSuRB0d8sCtiWlfKlMMiyElmWoSxKZHkWag06+5Vje1SMBqfiaIh8bk0McXpR/ufStXYJQHEInR8BTMGB4XFcrOsI6X5qDP+yIv2VX+0fOEgG/nLCE7Yflmg2GSCA+qAhuy9ATvQ7tXMQ7Q1E+yU/pGYHNEtWh6P+bVYR3q48N/68x26/TSfVCquA8hRPt3YFYBsDoTQylYFsgybI8DhYSCNhtAlKJwFW7SQMSQglU+1QVRWsteDDmP9YXdfs5KtkMODpPVl0IJp5qYNszfgc87GxICUeHx/x5s0bdJ1FUzfJ0k7IDrno9X/zrIQQJnR7FA8tSY4Yf6MOkeui0NKosUEQF58mw4m4OOKJj5swlwdSXw8etaeJGzdi5vTX0cNuOLH8PF8EdN9hqvcrILD7MJSuXycyftrpnQM1N6D2C75T7Q5oixAgUXdLwuY1fln+AAEJawlvNxt4Imgo/AlL6JCjPgUyECB0rYbSGYwU6FChazbYbx1ItSjXBKWKJGczXGCZYWbjYrEI/hiub/mGBQ4AmcwgpAQ5O2jlcuu1I3VcKDNIDESUhOzu7+/RNDV2cNAytIjDzIFnKhmUzFnCOUnOytSkmM4Z2APeQno6gtkIoVOQnKpHpvD2CG6dLuaxloC4aLB9DPmh0+3hwYBL42/pJbr54k6PFRind4aEhVQWWgfIgnJheOknGo4dtO8fRAYFL4iBg2CKrhxOhs8e62BBspDUSUksbCFoVJhHYlQhMxRyyc0CpbjWACBkN9pN0z8pkOcZpBpzKIgmMv6DLTQu5s1mg7IscTgcsD8ckAnmd0iZQQReiQ4TfXomJk8pzZZzzkFpPbMrP6/hw90tESbsx4s8cmAuzYDOcdVpwOxMbd6Hh4f0/7DlgfqMTxFxZig5/x4iQAqFpmmDIQ2CE5UMu+yQ3RGtuKKhYyT0Ew7VASowBy+G4oQPi3RSrTSgM0jJ7eTOsitWZy2szJAXOmGUACDLM+gsR+NEgo7EjhQEkBk1euiRjNR5glRjshLvygra9IvBOQfvHDx5SKmhjIHK8+SsRUTP7j5yDREU05/YRJ46TYSIp5QYbzx0evj3vNnIdFMdby1EBP3+/fv0x+Kx/lo1CJ3A31z6O8/53ae6HFVVpUHoWREKGp7ifTG92+7SdPgplCgNJyiCZwTWckdJ5oBQHayzaZBX1xWsa6BbBvEJIZEZg7IsWd7GAm3b1wld10E0gJdZQrJGUCIRofUSRSETLi7ttjqDCk6+kWBVLhZpaCizAirLoUMUze3al9z3OROic/C5uSDhekHOpP3iqDM1tOyY8wM5j8c6/x31kBP8W3Sx5naYUx2Mufd8Sot4eKOGFNDT/XJAqoAyJQ8hWApUS+aoCz8UfRh0T6Q4mhoPRepGHRNPkOiVBNOuawld3cCHFEtF4bgJDDr6MAoBqA4oiiKpHtZ1zf9dF6PP7rqOEb2iQVEuUBQ5ynIBpTWurq6gXMfEJMXf02gFYzSTmV467yEaBcZzPyW2eTm9mrRmMe+VTifSXzrbSDoVupJJc68xPT81B5nuDM65JGwwvdCrq6u060cXo5j2vUQCKDpmxQX11HcUALyT2D8uwYw4B9/eo6pr2KbBoqqj4jC6tk27ru1adlma3AOSmmsjMUgHApG87bqj1MWSw0N7gPOOjXiEhzQCyii4Q5fStKhBTOThdZbqlbIs0TQNIjrbB7XGuMu2bQMIDaUN8pzV2lOt4wykNpA6A0kNJxS8UIBUo5nHFIo+d5L6ANmgIJoXg1ScISqcT5WGLfFI0KKRkEO6vlBfSylGXTNxOjMfQU0wE9KvWqTHIIiT9KEwg5SSvfIGyh8pz9MaX331VSo2v//++7RrfPHFFy8CTSql8P79+0T4eTK9k4CzCr/+fJtuk7XX+PD2LT6+/wVXVxsYyT4bjw8PWK/X3AWqalg6ho40nYdQGkJwa9baDoCEFBb7ZgPyjIviDhoTwXaeVUDWCwO4BqQLwAh0bZd0d2Ot0XYtrGyhQlv46uoKZVlyMDgB23UQgScST0/rMNqgIhFK5Tk8SZDMYaEhSaMlBRIGmcnSMDAGRjzVVdC3GgV6ZBtBwIW5jJGKxabpeeOAYYqcpGGDpwcGQRK7bz4xAuWR0dGpEFFHJ0gMZP/6ATL8MlPP9OHPToHH5vSworHoS064qUr4JadflNLh3MhCKg9teDEoyf1ypVRIkZBYfGLysJuWB5NxY2jbBoCELhyqroJ3hCwzYZLLD1tJCS8l4DyaqkJT5DBQ8zssAV3XpsDZbrfpu3Y2tlqRYCjL5RL7QwPreG7QNA3yPE8KiLH6VVLAaO5ixbQrBkIiZF14P7ViMplzDiJw1X+LtRYVF1WsWQJcOJ1yw+p+OBeJI2EhZgZb4rcJkHM7hFIqpUxRJjMuzLizzc1iXlofGWNGvhmXBFTTqHRNtmNJHvKsbugk717MiaABN12EcYtLO9puu0fddkk5MBp1KnLofAfneKaRBUsGazu0LYM6PRGatsV+t4eGQg5zVARrrWDJorNdgrWnh+89qwMOlESE0Lha5+g6mzBpKf0Jubj3zA9RWkNrE+oQlZQu43tPGWOeqgFfSsJ77u9MbQ76ucY8gpISnJdGp8YwUPRvHRTT2uTbb79NUjg//PBDSsv+8pe/zDy0l7+897i6usJ6vb74d6ICYez+7Pf7xNN43DwmRwodTHgo/I4N/Ibdboeu44L314cNDnULIcDdqDwHeX6/1Axhb5oGRVHCaIOmeURd1zCmF4jbbDcoTI5cmdEmo7UGoUAHzdzugLmKm440JUPcgwdjXKRFUUCINr03ORtLCU8C1jseA0Z4fdanV7HBMbyOS+7neJg3Vht5Kjgued9IU8H7UYfrSSxXdEkneYL99oqDwmF+ei7yo3LetDv1mjCXcynbuZ0qpnPHD19AQkIFJyI2/OT8dbfbou4clJTY7/dpJ3fOQWnFHh9H7c4+rYpFvFIaZZAuNcEvhKVDxajvH0GgBEKmJXSmkZlsABOXiMrYsb4b1mBFUSDLslHLe6pAkNCsJ0hHn+trqsQ4a/88TeHjKRIYhdNvqF/rwiJxxzk3Mrx5TlH2u40fh1CPAOCLJKe4chpNSbs+yzRaI7EXDnXboqqYP77ZbDhtMgbQGSiQnYawas9q2UxBjm1sAfYFD+zAUmdoBQeXbx1UqUY7eVT+M4scOqRBVVX1BbRzgO51tGINYR2hKEpMOUAcQJMh6wnTzHPp1Uhxcg6rRi/XXR4O9sTch498QhhLJ8JmccqvMKVhQEBIUDJqFYF6pF9jcTnnsF6vcRe8uT91fvF77T7GGBRFgZ9//hkRYSAg4AXwy0okTv31dYmt8PjRfsS9LiABbPY7PDw8YLPZ4NtvvoFWTHi6ur6CUmHDgAyCDx2WC7aIZp2pDFeFR9ZIKKWxUiXyzKKqKvjNAdnN13B+aBPAfK+yLJLbnTEmtYA720CbnnLgvWcWJLgxEDVy44nJz9BDBPBkhJrE7z8MiliPnLSwkKEGIlYrGe3W5AOwWczC1U9lHyN0eD9omWkIy+SJKRBOBE+AfHqa7+Lv+FAzzWnzXlp8PbcGObVjXEKiuYQQ81ukZH1xGR6aD3KbEPj44dcEajPNFbp9g812m7BBnO+XkGEQ13U8xFOy5z8TeWjN8wghJZQT7A9vNPIiR2u75FsRCWBlWSJZFw9RxaEhwXOZjsUyQn0RuexExKY8oX6ICz1O550XMDnXLdzdKpIye3zvpZvepfXFXEE95xR26XOfXU+XLmUSab4ZvKrGfBCgJ+ZMBzCX5H1xiDUVpU6+EDMLPxqrJHzRzGfHa0oyO3+lFC2mM1obGK1BSsGThXUs3hZTo7IDXNWNhpsQAkWRw+TsL05U9ekOFFzwFYwnlpACsiMI5zlAgsgzyKNpLZqmwXK57JXtCQx6FHZEXDLGIMtzSNLJVjne+9gksY4VI5i6yzgs21l4L6AzFr3OM6bZmgCrv8SvJYonnl7U4uxGNPfz+WA7tdmeCJAztISx+iMNe1vzNcjPP/+cjrpvv/0WZVleVJxFhOhms5ntJMWh4fBLG2Pwhz/8IaFaf/zxx9nPjtdERPjuu++OJvS/1UtKia+++ooRvNKjoQ94ePw1zRvizT9UByjLu/uHDx+wXC6xWi6RFwW0MdxVCvgnQCAXwKF1abjnnAM8K3bU9QHaa5QlE5aq6oCmqZGpLJ0Caa7jPXzwD2+aJvFEVqsVLHRaML3iCbeVq4ot2JgKTUklkQNWJ0pvvMNKqtQVOuWInIIQwdcvqK+MoD4k4D2S49aw+/QU9Og4zE6pkKgRtKfvZsnZgBRHKJNoaNT/XD/Vw36NHfvcZz3nb1xivvNawydMcl2a/BvumPFBRbXF9fU1jDY4xvo9AbUABkoboRz1gb8RIDN+MAQj36VUanRPaFwfaq2RZxk+/voxGOxobLfbhN/i2iKDCWajEZPFE2p6oZ7AiSr9t02SZ+/xaWquSA9yxJik3thVnyu8479PmUvE9OnkjnDCK+RUiziqGr7GrOTUzjWH9lXU/yPfz56SGj04QK6urpjXLiSc7Xq74XjnxfHu550HeccWyVHkL85ZiGC7FnXbsiZwAC9SUMwSwsLagbU1jSHj1lquJbSGtR0eHjdJnCM2IpgcpZCZDJnJoJRmu2d5uXrLeIFO/9GLNsPnb4TimQPHYxow0UA6is7MQd6+fYvHx0dYa/HNN99gsVg8uzMVYRbff//9q+zs0QDUe483b9686JrOXau1FrvdDlpr3N7ecv0DJvO/2QKLDVBuAGv7e6uXS3aSot6/o64ayLKCMM3kobElRATSRVptVVVoOwupc+RSwPsaZVliZzyqQkBIg0ffwCgD6DBJIcB0OQQZaL3gU8YrkDEQmU/23HGRs0MWQWvW0IptYWPYISozKwhkECigZAlyGchrKNMX6ec2rtRHClB5oxWc64k6IrRPL7doFqNU6+nA6hUsp+64iF4wwEw7uw9s7l75RMGlcwEydRn91O7Qaw8jf8su1txOJ4PYjRjVc4Mh0yAIaJSMHacYYmZaHMUDIADrLKq6gtQKRVGgaXtN4uEwjwv54wJ1utAOhwOfvGCkaxSai1N7JeV40dBTe/K5E+TzbOHPniIiaphTYFwiiRLGDqY+12r9XCenQ5DaVNHitVrURxPXeAM5WsKwbu53xRHDcQgFouHnzLRihumtVhqikGjaajbF7gNkqj87TuMOhwObX0qdUqq2bcPQkI0+aSYqns/jEBc/u7/m67TqSc9WjGhhOdy4AOhh9+jbb7+9WK3u9w6Qd+/eHXMRvMf9/T3W6/Woa/aJf40ZhbstIARubm5GJ9jOqWBRQAkqwnYDe2QlsFyuWCq0aVAdDnjYVHBeY7EoUdd1SrE666CCUc5isUiAQu8JxrikRkJEMJnhblPWgz6jcBynFA5SsdNuvFYPoG0a3NzcsttuUSDLTMIwuQCo9N6lqHDOoa4tsixPLfY4lR+ukWEX61Q1SROVkmFqO9f+ndYOvS0anZifiTNOUid+Hk4PmdJfSsV5NPLUcf7we0T2p7ymhX3ceV//OzAadL2+hgoUoIeHhx7r48TIzJNbsLzoKGjJdl2H/X6Pw2GPurYwmT6RYvUpZOxM+QBrjwGiNTt3SyGhc4XqUKFpmrSxEQFagUXxBvpS3ntkxmCxXOLD+/dpgBnETiDhEuo4NWecY9yZHLdsTzVIxCtsfFMDnZFgRR8Kr9aljEEyv24I+qXE98/hFDnXLn6170OMbr2/u4OSBO+BzWYTJDhxopUpRtzquq6x2+2w3+9gnUKWr2YXVuSUeO/D9JyV0JumRds2SdYnvjnLMtRVnWRJ48JShZmtJ29u17Bdh6IoRr8DzwJ33CV0sM7CWQcpLQtMDCAp01PjtZ/pMECGQnIjfWMvPrm+jadEIl+lE2v8TEfKitG3PP7RPM/TrrxYLNB1Hb788kssl8vPDmsVd5yIh5obWN7d3T3rurXW+Prrr/HFl7forMeHzUdsNlvs3yyx2W7x8PiAP5Rf41plbMcWcFIEj1x/AYMM9U5A+AUWZgWvd+gkYOQKXV1CywUytcSu+xXbxy1MLpHfX6GpWGybA4TgbQElcnSNxNZ6ZBmhzTwOeYW9b3FQBPItjCMY6SDbDEYXyLRB6ztO//IMZbnCrx8/JIhJ27ZwzkIgQ16Y0ELvjUcR0MYxQNKwkgBPrO4upMDQD0ieiBs/QQdf2tiZ08XqCVCj6GLZ0EH/JGgvJVE4kbpYlFIqTj/j32ItG5G0v2agJvHi2rZNaUvE9EQw3Pne8u/7moOsOOeSo48SUrgAABU2SURBVNJzrju2bY2Q2DQKrQRqcnBGwSqBBh5CCnZ2pQl8HxoC7OknIKFkDik7KBAgNBtmdoSmsagPHfb7BrmXaBvewSOX3hOCI1Vo7wqJLGOilSqBqq5Q1RXzOrSGMRoZaeSmgNIGgIWSGkVeYrPZomma1NxgeFALKRykLEeI2dSDGOzoSXsLDiQ8mEgrLl3xn5QhTINhdOqApUPpRN8gMuJ5wOrHUH4ijP3PIhVhhpM+9X2LwLuhenjMPy8RKP5cUq/kenXGn/18i9AzRD3AoNMN9udIPaHQE4Pmb/TpC1bHzlkcDntU9QFNUwFSomlrNE2b9HMBNpkZ7qh5nrMtAUlU1QH7PXP9YwpGuxa2abG6usJms0Geswrjh4e3KMoMdd3AWrZYbtsWEh5aN09uHhwgodPjXFpkl3F5nuebd3KoSMEr/Rld5iGr8NhmMAYITbpbZzjpQgj88ssvoyIppljOuYQhGg5z1us1rq+vP8vUSwiB/X6PH3/8MZ0m9/f3F14r01Cvb25YKZEEfv31A9brNRbLJdbVAr6yqPY71prS7AfftC1a60YBmWUGpSkglEn4qYeHB3z8+BGPmw3KZQ9Dj1zzumngiZX34/PYPG5QlAVyqFTQNw3rZuV5DqU9vGWH3Ogm9f33/wNIh7qp+s5WUGvXAXsl4g57di7mAUeQmR6ZbEYw5tz8IS7sU/pUQyrvc1vJQ4DoKcqtwLwecKxD4kmSplSDvrw+BU2PfPFYMA71lYaWXzENe0kK89c8VaJ1WaSnPvdajTYwJgvauSw+nWUZjDVoK3vUQePF1M82eKdVIZVtk8LLbr/HdrtFVdXIikWC0sTPsNbC09jmmC0PHJxjmHtZlAGv1aKmGnkmUWQ5Pnz4gD/+8Y+oqgof3n/A9f0Kh7pJC9l7jzzPsCgNyqJIiorntuW4qIb+5mMAoJrNKM5RHobF+JMp1ilHYertuUc1zKBVP/z5+NrG320kPTrN2WOvOy6i2CYcmnzGABn+saHJykkyzQvZZK/ZIZle68XplvAgsnDUwXmuxdjUst99j/c6ceQD0nUdDk2LOsw/6qpCdTigadoZ9RJKyhs+wh9SUsBC2ibLYDKDYlHi48dfuXVrBR43W/zLv/wRWmv8/PPPWK2uEi6LM0RWAlkuV7i6WqMslzAmS3bMo28x2t0DJMMda4Gdrx3mU6w5iPu5Z3JSXeuEOHWSYxgMC/vP5ozgmIbb/x39X//1X+nitNZ4+/Ytvv/+e3z48CEBDa+vr5nYIwQ+fvyI7XYL5xxubm7Sz3e7HZqmObtT5HmOu7u73y1IYvBWVYWffvop7KBPXxORwO7jNahbYJ2/QfbVv2O332G72wH0AQL12b8ZeRx1XWOzO2BfN0C4t4fDAZ21WC4XWCyWCSqe5zkLQVuLG0W4Ng5ZzkPIRU5QskUuV9At7+SFMljdfsVyQ66BkALf/fFLvPvlF5QLCectykyjzHtDncxkWK2WMKWAKioo07LAN1xAuI7t9EZDu4lw26nNaFQ7zGj1DmuC6Xzl9PR7PtCirvGR4qKnk4PIVJ8EBIQY7WkE/d///d8jQYA///nP7FuXJqt+xDFvmiblu9HMZahieGr3jinI7z2QjOlWr1D49DURAV2TA8hZKGHhYdsH7EkB9DGhr+YeZmyTtm2L/X6HqqphLSX3qJiqZlkOY3oVkqIo4InQNQcUaJBJj4URyGWe9kVl8v5BO8JysYA1ORra4+tvvgZRB6WBpSl5bgLCsijSEDEzGUv7GAGZEaTk4PDOwYVOl49CFSGzSH1WSckKYijtE4v2VL/GdjFotps1R5Y6fYrw58i5kyi2kqfBNWEp0lQSVfbgTynkgHPAXS39pz/9adQdYVoncH19ndp6SqmRiME0yk8B/Kbv/y2US14aJOe6cfNBwgFOYcF76tjtNXyGnHx/KQQo+JRE4ez9fg9HgAoyPnIgKhBrlriTskoioc5zUNMGp12F9fVV2vU6r1JB6b1HuWC9XZldo1wU+PjxY7KdIyJo8liWBXvYA5BKAZ6gsxw6LyEEe5F31jL0RGuoYIAgRzpTBCH0ycV8RJ0lFqS7rGNIZ0+P2BGc28ToVHDNjCbGsDbRMwUEK9jEVEsPh2qxxvjXf/1XfPXVV+lhvXv3Lkl4TlOmp+yvZm/YZ9LduvSahBAjfS2+Z6yeUdUVmv0e+8Mh8b9jyunBTMN436qqQtNZLFZrCCGYnegc8jxLu3OkyfLpHQCZXYeqqlCWZfobbddBaNPXBERBJE9B5g77A8v6FEXRm+uAoAVSgS2EgCPHPu7OIhN9ILjQSYP37Dib6rfTpLUp0nr4vwXGvobnhoNPdRX9nLADwPqxM89U4LTCu4QECUpDRtGbhbNGwPv374+m0UVRpK5U7F4dgvnjdEL9VCfobwHfdYktA4uu8QPebreD4arllm7bhpYsz0j2hxqQClmWh+KcORj7qoFQJrWeIy1WDbz5tFawtoP3YTjne9Fq7z1kyP+96OcsWZbh8fERd3d3KYWMyiRaKWhjkAmAbDeaAyjFpxBLdvabhncOVoggtRp836kv2umCjWfa1ZvLKi4BFY66HIMhnzi2jTr+vcl7R3AWEU07B1SGGB7hO+o5fM1QRCEGSATLPWfiOXoIn+krXt9Tp8kpjV8Fgg4782H7iFoyL5qERmYUjBI4VAdsNx+x2zzg0FiYvEiCFOm0IAIJCaEUIBSE1MmTPda37AKrICR7AHZtF3Jllu1RSqFtOnSyhfMeebGAVCp4RImQLPXPRimFsiiAjFECUXhDWQvrgvHoYH4hRziS3rn3WP5ZHFkLXDJzGhbpcxwOIq4/BE6rd0bQ5/CCFMbBMaU4T9eyGHhg6i+++CK94eHhYSQXGV/DbtVzF1/TNNhut5+tYFzXdXj37t3FwTz+HoSdWmOvPbbKQEgB73hulBclCipRVRL7vcCvXY6tugbpA9qmTjbNbGyjscg1CreH3WxgigK+485XKRvItUKWK0jVYF+9R2vDMNEJEPVqld/94TvUzQOU8lgXGSQslAMUFMi3sFIxCjh6I8pQg0kZVNMpiT+n7ED2iyoah3IaZiGFHCwqz58hWU/K+8RGSp3A2dRrEgDTTeiocA8r+6hWiTMnGqJ9+2rlVIfsFLyewmfpm5ubdFERpTqNyuhB/hILgs1mk1KSz3GA2HUdPn78mFKdp1u+45TAl3dwPod1XGs0TYPHA2CsgakFqGpRVw67VmGHBQph0TYV/ECJPMsLwHXYvP0FnbVQd3dYBN5JZgTUKkee5dCaADRou4onJDKHFAImkyjLAg8Pb1EuSiyyAkUm0bYdpHOQ0CDysMJAqsAlUQoEBFNQBafZf1FIARkotly79PMvGRsSUkCCoCQzFNNBIQhO9v4aI2AsycTWO3dfL51NjXW1OAAFzcyhYmo2s8l5UGJpChoHSbxSHU+Mp9KLl9YSQxuES8UZfo+O1lD07dzxP51yLxc5tAS0IJ4FuQ5aAm1doa0rSMHEpWq3xW67g3U7SN3Beq4NyrIAALRdB1vVKBYLLK/WyMtF8DwHpHbQ2oTacIndbofD4QCds03bYrGAEBI//fT/WLKnKOEpplUyFKDcofLEqXMUo67rBt4CyDNozTJAWmvoUNjHAJmKTkdRhyNuiDqxCXrJi1icVx55WbMlHiHjEkAMntmcLVvyogwRIgg9+DLUOxfzQV6y+8ch2d3dXULGfo5F+1MdLSJKYs/xtVgs0s663W6562MtqrpG17EyfIRQbLdb7HZbNJ0DXINMtZAmgwtFflEK5FmO6/t73N3fg625CVJqWN8iW0lkQUo0yzMUNoPzDlJzgCyXS9R1zfiyqAYZhO1Ej/HmuidYLPRNhhaeBKTprfhU0MDSWkOKHmc1/Tcn53Sy1T/lvc/UqufSn3Mt5X7ij/laYzrkHKRyyTA8HCURjEpBjEafg2S8xsIbzlZ+S8GF3zqAhsqJUkosl0tcXV2lhkZcMFEZZbfbpq7gdrtBdagglEa0NS6LIjEEV6slbhY51sZhfX0TZHgY63Wo98iXCnmWJyBjnheQUsFRNqqZ4n1Wktu04mhmBVjbwTnLXiCSIyiKNky7W0ppCHQDl1x5dGpEKNIlJ/Wpk+Op+dlcV+rUTG5uHjc9BI7++yAV9JKDhBstEz7IkDn2WkO9YUfsb421OE2xpjtXLLLjz3e7Xaq5trt9ahd21gNKw5GAznMslguYnM03r1Yr3Nze4Yv1AncFQUg2z7y6umKdqsqAshZZlifICmPjJBwyAJiB+EgIcZzts2ssoW0bkCfkRY48y0BawKL3UYwW2EIgaGSp0bT8RerseB4l93iRB2QaEXfWJt00jDpnx1z3aXDEYl9QmMCnKAlUagio6QkyhLFHr4vXUlb8e30Nb3xd13j//j0eHh4huj0UORCAQrEZpvPAShKujMCiVFitctzcLHB/v8L9zRqKLHb7PYRQWCwXyHQGSx0q1/Yt2MDLMcYAXsHantCWdnQ/SDdCvSGlhIeHkBbO1egcISMJSMVi11YwANERC+T5IHUkxejEmK07hqFJp+7TgAc+CBX/hMnNtGaIixfHZ8AoxTp3gmAarGFjEGBhwGFAjgLk/v4+fdAPP/zwWRbVn3uwHA57tNbiS9Uh9wc4ElgtliiLDM4TFrLDfUG4u86wXue4Wme4X2vkhcC7B3apvbq66tujYcePcyhjDOq6RlkuuDPlLCu6i36Axyf22KNQComilFBZibzgndYYAmTL4nPQUARoEjCQMIETGW3J5tKsZwUIhjbfIvWYLMaOtE/WMuEkFMCMEnwfiONfP0Ww6pmEFDtZ/CEgIY9rkBgQf887/m9Vo3jvsVqtcHtzG04KhdxlaJ3H3Rdf4Hq9Ruc8cl/jtpS4vf8Ct7e3WCwWUEahblrUdY0sy5JoOAbW0TFgIlhUSglpVmlpRSmfsixh6wP8JFUmEPKsQKlLLBdX7IUYUmpAQ+ocRVEmywMdlN194Ki/RscJkzPkOZ8SnWzFgA8yrZVjinXJ8u3pUbwJSABecrcPg0Gifuoo+ufr6ZfWvSL79fU1PAQWjUfugYXUuL25wc3NDSAklspinQHL1RXW6ys2vmlbHA7MK18FmwMWVrAs3gDAZFliGgJchKvBjh7pClmWQXkHF/1F4tDPE9qugxEq1BXcUexsBwEDqXNkUWkxmeSwBdxwWPga9am4cNM5nnDz6SMJJ92v5gLn1Od6IUaT+WkjgV7To/AfOa0qyxL39/f48OED7u7ukC+WaH/eISdgdcVcmqLIUS5XuF9orLSHdT4t+KqqUB2YtZnn3MEyRqM61LCOuRiLxSKokDAjMuJahwBJhMFfphn4GCnSycOltnCkURZ9UOUmgxAGJDXEIH2K6YuSigGQcpxe/TXMjKZFtohwdHFeGeuS4Ejt/VDTEAlg4ikipjXIPxe7mKV+XjLVjbTj5moFKA2zXKIg9idfrVZYLldYrq6gZQdrD8mfOy5spRVKVaAsFsjzIgzVeBcf+Syg9+trmhZZnqPI2YTHOYembRmd6hzaIAwXUwnnLYQFT+uD17snTi+ix98USk4Dw4chfP2v8SyO7rv4tGA7mrek+QeFWkuNi/1/Bsj45b1n2dBn7EoJT6VUElbIiwPq5ha626FY8KQ7niLKecAiIWjjEzFGQxcaOgMguqA91YCoTYSraCMRQa2ucxBawUieaXTOo3UdSEp4Injv+nQppCawHr7tQEpDCpXqGy8oQL3HC0jO+KLHNvCpIv0UkPCS1P1TSHX0zFMlDgldkh9FugM8KLwgxfpbkyT9lB3LWosh/H/439br9ewDjvq3RVEgz3MsFwts9wdU/gG0N3BgIpoxBk3bAt4iF739gXMOSmqYQkKVHTr3Ee7wAKUU6qZG03VoOpnYmkOmnHYdVOuB2kIohQwCuQLI5OicT4NKrTWU1ii8gCAP31hAdFBQMIqRvDa4wvYTcp5+K3Xc2nXeoxPz4gkZ5GigOl2g54aK0znLfKAxn/6YuntaF1ieAj+KGfLVuP/7tP3BP1LR/pQL1tx/m4o/+JBu5XkOLdhIhyE2HuKEqiwFCUxuXMnAX29Q1w2nSao4kV+Ink/dk1qZU6IUsuUyafwmRyzq5U07a5mNqCWE5mMpBpTWJnw3f3GhLV75WZz6/HmVRgE8c5361FMbQ/YjYWoWahJfETcV+SD/CKfIuVcULpjWJ33aIxIHm4vtApnxvXY4nQlIAqumBPeoPqVi0tRASSdMu4MImh1/TiJSeQ+tdLKGTtI6g4XlnIMIRqEQCqT63TQidlmcYZL+DNIPTNIpuiCtGv9srDxyceFOJ6eRz++mCQElpjZHAiIAK/WpC/n6669TgPz0009Jue8fMVCIKNmVTV+R6Td86EVRQrUa1GDOKTJ9ZrRcBgGtr3Got1yUh0VaFiUcAVXXB0LS9PIeLpCZ4nPKshxt26DpHJxvknwpgFS8a2Ag8R/BFR0cWuQhLXPeMwFL9yfkcGhMYMxSfJ1Km+bcbKd8I8+glidnIgknBoKYZSH25K05puHJlnBQuUSox1JDWdD5E2SOhH+KNvnP7peYS5pYx+pErj4uLed5C3M78lA5Rgmk1m+eZ1itkFxeIwJcaQ0pmVhlBEGFhdR7n7O/CEGxVpaUTNEN8BQi91e4X6/yqYHJeGqAeLyuJWiUonLAMEiRAnxeX7J7as3H9XRA9Nv4cfx9vKSQia336YIVfArF1Cv+ZKE0nPVo2w5t20HrHGVRQIQHLASgda+xrKgPkIjdapsOjXOAZBE1qRSUVqx8IiUI9kzFEdu/SLYBQxnov+4u1W8OTzaWxHhzIvC9IYjkrCBxYReLiPDll18e0RGVUnj37h0eHx//YVOvU3efCMiLArnxgFRs0tm2z86RefeTMEajbZukDZB69DILQy6F+tBCooG8XQDZAUohMAdbFHkO6y3QhM5+IoexnJH1JTq7Qm0NOpGjkwpWEaQiCH8iOKhfOrbz6URyJ6bsGu6CROqTj6b5U0P42caIIA4ICQEn4tBwbPutL//b4sluzz9fv01HBwOUap7nafOrd3XKw6LqStO0IHQI0ltBeyukW0pBCz3a7IqiQNvl6IjJW9bZ+fbn33TaK050sUIwxFlhsukOSifihYPCz03j6h/plWVZChBT9oWKMSZw7FuQ6pKcTXw/gSClYiX3ATEqyzIssyVAK5Y7lTKIJ4q/mwA53fQKuC6KaGPFkBNiVDAR4f8DJCchrzu1pDQAAAB+dEVYdGNvbW1lbnQARmlsZSBzb3VyY2U6IGh0dHBzOi8vY29tbW9ucy53aWtpbWVkaWEub3JnL3dpa2kvRmlsZTpGZWxpc19zaWx2ZXN0cmlzX3NpbHZlc3RyaXNfc21hbGxfZ3JhZHVhbF9kZWNyZWFzZV9vZl9xdWFsaXR5LnBuZ9g8fP4AAAAldEVYdGRhdGU6Y3JlYXRlADIwMTctMDMtMDRUMTY6NDI6MDcrMDA6MDAkpgg7AAAAJXRFWHRkYXRlOm1vZGlmeQAyMDE3LTAzLTA0VDE2OjQyOjA3KzAwOjAwVfuwhwAAAE10RVh0c29mdHdhcmUASW1hZ2VNYWdpY2sgNi44LjktOSBRMTYgeDg2XzY0IDIwMTYtMTItMDIgaHR0cDovL3d3dy5pbWFnZW1hZ2ljay5vcmcUlyaEAAAAGHRFWHRUaHVtYjo6RG9jdW1lbnQ6OlBhZ2VzADGn/7svAAAAGHRFWHRUaHVtYjo6SW1hZ2U6OkhlaWdodAA2MDB63r21AAAAF3RFWHRUaHVtYjo6SW1hZ2U6OldpZHRoADUxOYuu2lQAAAAZdEVYdFRodW1iOjpNaW1ldHlwZQBpbWFnZS9wbmc/slZOAAAAF3RFWHRUaHVtYjo6TVRpbWUAMTQ4ODY0NTcyN3HpVnwAAAASdEVYdFRodW1iOjpTaXplADE2MEtCQgbOu1wAAAAASUVORK5CYII=");

insert into accomodation(accommodation_id, description, max_persons, name, accomodation_type_typeid, agent_username, category_categoryid, location_id) values (19, "test", 3, "test",	2, "zoran", 1, 1);

insert into ACCOMODATION_IMAGES values (19, 1);
insert into ACCOMODATION_IMAGES values (19, 2);